timestamp,height,block hash,is_orphan
2025-08-12 11:42:49+00:00,3476196,a9f635d3b946aa3bdfb9dc48b4abaa3345d27e5bb51d44c818f47c720f71178a,True
2025-08-14 02:47:10+00:00,3477359,a5ade6f41b074105eb11908106fa0f4d5e9b98567a932fa2050066ceb75dbb4b,True
2025-08-14 23:10:08+00:00,3478033,7d68a87258d18d64e0eee7fea2acff92fd20d9401a87e0a25ff1c13dcabee1ff,True
2025-08-14 23:47:12+00:00,3478053,e2b9b6ab2a13a1f6d915e6d1bb30bf098949c1009f2e100a60c7579d7be85138,True
2025-08-16 02:36:42+00:00,3478782,a82dced14a6f87fec5f30efa0ac090c288f5e6b10590daec040e4d0e3cb88a33,True
2025-08-16 12:34:55+00:00,3479082,c90e82b0b40986e4845ca40ca04ef8ac22b7248a39637cce56437ac0111ee289,True
2025-08-17 08:17:00+00:00,3479683,0498a0009d43b42096a836bb0b230e1fe0cf45c6a2d0b7adfd7632dfe375aff4,True
2025-08-17 19:46:52+00:00,3480040,2ebfaf525b5375b9021f754eba20e1590e4c1e6c9211961ccacd72208f166a30,True
2025-08-21 03:04:40+00:00,3482404,32800213eeb939b2b1f7ba468098df91d06138e6da7146457abfc799fb992f35,True
2025-09-04 13:38:06+00:00,3492792,132385d95331871a733e11b18342473bd612ccc9f664a710ebcf7ed853de9d59,True
2025-10-17 14:26:43+00:00,3523641,9bb4311b11a014e93a3d4f3212734a4d118b71205f7b32d897d72b0a208bf433,True
