start_height,end_height,length_qubic_run,total_orphans_on_run,max_consecutive_orphan_heights,start_ts,end_ts,period,verified_self_fork_count,release_inference_eligible
3468654,3468654,1,1,1,2025-08-02 00:24:04,2025-08-02 00:26:23,,0,True
3469670,3469670,1,1,1,2025-08-03 08:54:03,2025-08-03 08:54:05,,0,True
3471456,3471456,1,1,1,2025-08-05 21:29:55,2025-08-05 21:32:17,,0,True
3472098,3472099,2,2,2,2025-08-06 19:29:25,2025-08-06 19:34:40,,0,True
3472148,3472148,1,1,1,2025-08-06 20:49:34,2025-08-06 20:51:21,,0,True
3472176,3472176,1,1,1,2025-08-06 21:52:35,2025-08-06 21:53:35,,0,True
3472864,3472864,1,1,1,2025-08-07 19:17:50,2025-08-07 19:20:25,,0,True
3473321,3473321,4,1,1,2025-08-08 09:48:49,2025-08-08 09:55:11,,0,True
3473345,3473345,1,1,1,2025-08-08 10:37:58,2025-08-08 10:41:52,,0,True
3474251,3474251,1,1,1,2025-08-09 17:31:53,2025-08-09 17:37:44,,0,True
3474262,3474262,2,1,1,2025-08-09 17:59:22,2025-08-09 18:04:27,,0,True
3474267,3474267,2,1,1,2025-08-09 18:09:13,2025-08-09 18:18:56,,0,True
3474269,3474269,1,1,1,2025-08-09 18:16:41,2025-08-09 18:19:09,,0,True
3474284,3474284,3,1,1,2025-08-09 18:40:17,2025-08-09 18:43:14,,0,True
3474287,3474287,3,1,1,2025-08-09 18:42:41,2025-08-09 18:53:58,,0,True
3474324,3474324,3,1,1,2025-08-09 19:55:37,2025-08-09 19:57:32,,0,True
3474341,3474341,1,1,1,2025-08-09 20:23:07,2025-08-09 20:24:47,,0,True
3474343,3474343,2,1,1,2025-08-09 20:25:06,2025-08-09 20:29:03,,0,True
3474354,3474354,1,1,1,2025-08-09 20:51:58,2025-08-09 20:53:45,,0,True
3475528,3475528,1,1,1,2025-08-11 12:14:41,2025-08-11 12:15:53,P1,0,True
3475544,3475544,1,1,1,2025-08-11 12:51:23,2025-08-11 12:55:14,P1,0,True
3475562,3475563,2,2,2,2025-08-11 13:26:33,2025-08-11 13:33:25,P1,0,True
3475576,3475576,1,1,1,2025-08-11 14:02:21,2025-08-11 14:10:28,P1,0,True
3475582,3475582,1,1,1,2025-08-11 14:15:55,2025-08-11 14:21:43,P1,0,True
3475589,3475591,4,3,3,2025-08-11 14:38:25,2025-08-11 15:10:54,P1,0,True
3475608,3475608,1,1,1,2025-08-11 15:40:39,2025-08-11 15:45:19,P1,0,True
3475667,3475667,2,1,1,2025-08-11 17:28:49,2025-08-11 17:34:51,P1,0,True
3475674,3475674,1,1,1,2025-08-11 17:44:55,2025-08-11 17:49:30,P1,0,True
3475680,3475680,1,1,1,2025-08-11 17:54:14,2025-08-11 17:55:16,P1,0,True
3475685,3475685,2,1,1,2025-08-11 18:02:12,2025-08-11 18:07:43,P1,0,True
3475687,3475687,1,1,1,2025-08-11 18:06:31,2025-08-11 18:15:46,P1,0,True
3475695,3475695,2,1,1,2025-08-11 18:24:28,2025-08-11 18:28:42,P1,0,True
3475705,3475705,1,1,1,2025-08-11 18:46:25,2025-08-11 18:51:51,P1,0,True
3475716,3475717,3,2,2,2025-08-11 19:12:36,2025-08-11 19:20:48,P1,0,True
3475737,3475737,1,1,1,2025-08-11 20:00:20,2025-08-11 20:05:45,P1,0,True
3475739,3475739,1,1,1,2025-08-11 20:07:04,2025-08-11 20:10:27,P1,0,True
3475743,3475743,2,1,1,2025-08-11 20:13:55,2025-08-11 20:16:35,P1,0,True
3475746,3475746,2,1,1,2025-08-11 20:17:35,2025-08-11 20:25:15,P1,0,True
3475762,3475762,1,1,1,2025-08-11 21:06:20,2025-08-11 21:12:29,P1,0,True
3475769,3475769,2,1,1,2025-08-11 21:28:21,2025-08-11 21:30:11,P1,0,True
3475774,3475774,1,1,1,2025-08-11 21:38:39,2025-08-11 21:42:52,P1,0,True
3475780,3475780,1,1,1,2025-08-11 21:50:48,2025-08-11 21:58:41,P1,0,True
3475784,3475790,10,7,7,2025-08-11 22:13:39,2025-08-11 22:52:14,P1,0,True
3475798,3475799,3,2,2,2025-08-11 23:00:10,2025-08-11 23:08:42,P1,0,True
3475801,3475803,4,3,3,2025-08-11 23:06:42,2025-08-11 23:21:16,P1,0,True
3475806,3475806,2,1,1,2025-08-11 23:22:02,2025-08-11 23:27:29,P1,0,True
3475818,3475818,2,1,1,2025-08-11 23:50:25,2025-08-11 23:56:56,P1,0,True
3475822,3475824,4,3,3,2025-08-12 00:01:38,2025-08-12 00:13:30,P1,0,True
3475837,3475838,3,2,2,2025-08-12 00:43:14,2025-08-12 00:47:58,P1,0,True
3475840,3475840,2,1,1,2025-08-12 00:46:35,2025-08-12 00:56:46,P1,0,True
3475845,3475848,6,4,4,2025-08-12 01:01:16,2025-08-12 01:15:12,P1,0,True
3475853,3475853,1,1,1,2025-08-12 01:19:20,2025-08-12 01:25:16,P1,0,True
3475858,3475858,2,1,1,2025-08-12 01:30:27,2025-08-12 01:33:24,P1,0,True
3475865,3475865,2,1,1,2025-08-12 01:39:26,2025-08-12 01:41:32,P1,0,True
3475872,3475872,1,1,1,2025-08-12 01:47:32,2025-08-12 01:55:22,P1,0,True
3475886,3475891,9,6,6,2025-08-12 02:23:31,2025-08-12 02:53:56,P1,0,True
3475896,3475896,1,1,1,2025-08-12 02:54:16,2025-08-12 02:55:11,P1,0,True
3475901,3475901,2,1,1,2025-08-12 03:04:10,2025-08-12 03:13:18,P1,0,True
3475906,3475906,1,1,1,2025-08-12 03:15:11,2025-08-12 03:17:49,P1,0,True
3475908,3475909,3,2,2,2025-08-12 03:21:25,2025-08-12 03:28:05,P1,0,True
3475912,3475912,1,1,1,2025-08-12 03:28:49,2025-08-12 03:38:43,P1,0,True
3475916,3475916,2,1,1,2025-08-12 03:46:11,2025-08-12 03:57:44,P1,0,True
3475920,3475920,2,1,1,2025-08-12 03:58:27,2025-08-12 04:01:38,P1,0,True
3475933,3475933,1,1,1,2025-08-12 04:17:57,2025-08-12 04:20:37,P1,0,True
3475944,3475944,2,1,1,2025-08-12 04:38:55,2025-08-12 04:43:47,P1,0,True
3475946,3475947,3,2,2,2025-08-12 04:41:01,2025-08-12 04:51:12,P1,0,True
3475977,3475978,3,2,2,2025-08-12 05:44:30,2025-08-12 05:58:41,P1,0,True
3475980,3475980,1,1,1,2025-08-12 05:56:38,2025-08-12 05:59:07,P1,0,True
3475982,3475982,2,1,1,2025-08-12 06:00:46,2025-08-12 06:05:12,P1,0,True
3475985,3475985,1,1,1,2025-08-12 06:09:13,2025-08-12 06:13:25,P1,0,True
3475993,3475993,1,1,1,2025-08-12 06:19:41,2025-08-12 06:20:57,P1,0,True
3475995,3476000,7,6,6,2025-08-12 06:21:02,2025-08-12 06:39:40,P1,0,True
3476196,3476196,1,1,1,2025-08-12 11:40:42,2025-08-12 11:42:49,,0,True
3476323,3476323,1,1,1,2025-08-12 15:44:58,2025-08-12 15:50:18,,0,True
3477094,3477094,1,1,1,2025-08-13 17:19:02,2025-08-13 17:20:19,,0,True
3477359,3477359,1,1,1,2025-08-14 02:46:32,2025-08-14 02:47:10,,0,True
3477718,3477718,1,1,1,2025-08-14 14:30:40,2025-08-14 14:32:03,P2,1,False
3477736,3477736,1,1,1,2025-08-14 15:08:45,2025-08-14 15:11:31,P2,1,False
3477741,3477741,1,1,1,2025-08-14 15:23:43,2025-08-14 15:24:27,P2,1,False
3477758,3477758,1,1,1,2025-08-14 16:02:35,2025-08-14 16:04:52,P2,1,False
3478033,3478033,1,1,1,2025-08-14 23:08:00,2025-08-14 23:10:08,,0,True
3478053,3478053,1,1,1,2025-08-14 23:46:32,2025-08-14 23:47:12,,0,True
3478127,3478127,1,1,1,2025-08-15 02:03:08,2025-08-15 02:04:26,,1,False
3478263,3478263,1,1,1,2025-08-15 06:29:56,2025-08-15 06:32:28,,1,False
3478385,3478385,1,1,1,2025-08-15 10:12:52,2025-08-15 10:15:44,,0,True
3478782,3478782,1,1,1,2025-08-16 02:34:13,2025-08-16 02:36:42,,0,True
3479082,3479082,1,1,1,2025-08-16 12:34:35,2025-08-16 12:34:55,,0,True
3479208,3479209,3,2,2,2025-08-16 16:15:19,2025-08-16 16:23:20,,0,True
3479241,3479241,2,1,1,2025-08-16 17:36:00,2025-08-16 17:41:11,,0,True
3479250,3479250,1,1,1,2025-08-16 17:52:34,2025-08-16 17:52:47,,0,True
3479406,3479412,8,7,7,2025-08-16 22:57:28,2025-08-16 23:19:04,,0,True
3479436,3479436,1,1,1,2025-08-17 00:03:59,2025-08-17 00:06:56,,0,True
3479451,3479451,2,1,1,2025-08-17 00:33:44,2025-08-17 00:37:54,,0,True
3479613,3479620,9,8,8,2025-08-17 05:49:38,2025-08-17 06:20:06,,0,True
3479628,3479628,1,1,1,2025-08-17 06:31:53,2025-08-17 06:38:42,,0,True
3479683,3479683,1,1,1,2025-08-17 08:16:41,2025-08-17 08:17:00,,0,True
3479902,3479902,1,1,1,2025-08-17 14:59:53,2025-08-17 15:01:09,,1,False
3480040,3480040,1,1,1,2025-08-17 19:46:32,2025-08-17 19:46:52,,0,True
3480278,3480278,1,1,1,2025-08-18 04:05:01,2025-08-18 04:06:15,,0,True
3480526,3480526,1,1,1,2025-08-18 12:28:35,2025-08-18 12:30:01,,0,True
3480635,3480635,1,1,1,2025-08-18 15:38:16,2025-08-18 15:40:01,,0,True
3480872,3480872,1,1,1,2025-08-19 00:02:07,2025-08-19 00:07:24,,0,True
3482404,3482404,1,1,1,2025-08-21 03:02:06,2025-08-21 03:04:40,,0,True
3482747,3482747,1,1,1,2025-08-21 14:47:49,2025-08-21 14:49:36,P3,0,True
3482750,3482750,2,1,1,2025-08-21 14:51:40,2025-08-21 14:58:47,P3,0,True
3482757,3482757,1,1,1,2025-08-21 15:20:00,2025-08-21 15:24:14,P3,0,True
3482768,3482768,2,1,1,2025-08-21 15:38:53,2025-08-21 15:42:17,P3,0,True
3482771,3482773,4,3,3,2025-08-21 15:43:52,2025-08-21 15:49:42,P3,0,True
3482775,3482775,1,1,1,2025-08-21 15:47:49,2025-08-21 15:51:15,P3,0,True
3482785,3482785,2,1,1,2025-08-21 16:02:04,2025-08-21 16:09:52,P3,0,True
3482789,3482789,2,1,1,2025-08-21 16:11:07,2025-08-21 16:14:25,P3,0,True
3482799,3482800,2,2,2,2025-08-21 16:28:29,2025-08-21 16:33:33,P3,0,True
3482809,3482809,2,1,1,2025-08-21 16:40:52,2025-08-21 16:43:50,P3,0,True
3482812,3482812,1,1,1,2025-08-21 16:43:55,2025-08-21 16:50:02,P3,0,True
3482818,3482818,2,1,1,2025-08-21 17:05:20,2025-08-21 17:08:22,P3,0,True
3482833,3482839,8,7,7,2025-08-21 17:33:17,2025-08-21 18:06:39,P3,0,True
3482844,3482844,1,1,1,2025-08-21 18:13:45,2025-08-21 18:14:36,P3,0,True
3482852,3482852,1,1,1,2025-08-21 18:21:19,2025-08-21 18:24:09,P3,0,True
3482864,3482865,3,2,2,2025-08-21 18:50:31,2025-08-21 19:00:19,P3,0,True
3482902,3482902,2,1,1,2025-08-21 20:16:56,2025-08-21 20:24:40,P3,0,True
3482922,3482922,1,1,1,2025-08-21 20:48:13,2025-08-21 20:50:00,P3,0,True
3482933,3482936,5,4,4,2025-08-21 21:07:46,2025-08-21 21:33:17,P3,0,True
3482939,3482939,1,1,1,2025-08-21 21:35:29,2025-08-21 21:38:24,P3,0,True
3482951,3482951,2,1,1,2025-08-21 21:57:02,2025-08-21 21:58:33,P3,0,True
3482971,3482971,1,1,1,2025-08-21 22:37:38,2025-08-21 22:38:44,P3,0,True
3482991,3482991,1,1,1,2025-08-21 23:14:14,2025-08-21 23:24:16,P3,0,True
3483002,3483002,1,1,1,2025-08-21 23:42:38,2025-08-21 23:45:50,P3,0,True
3483008,3483008,1,1,1,2025-08-21 23:54:07,2025-08-21 23:54:16,P3,0,True
3483020,3483020,1,1,1,2025-08-22 00:10:57,2025-08-22 00:17:05,P3,0,True
3483033,3483033,1,1,1,2025-08-22 00:41:28,2025-08-22 00:41:54,P3,0,True
3483112,3483112,2,1,1,2025-08-22 03:17:18,2025-08-22 03:21:55,,0,True
3483114,3483114,1,1,1,2025-08-22 03:21:49,2025-08-22 03:23:04,,0,True
3483732,3483732,1,1,1,2025-08-23 00:14:14,2025-08-23 00:17:52,,0,True
3485604,3485604,1,1,1,2025-08-25 15:12:27,2025-08-25 15:16:26,P4,0,True
3485664,3485664,1,1,1,2025-08-25 16:57:08,2025-08-25 16:57:52,P4,0,True
3485673,3485673,2,1,1,2025-08-25 17:10:24,2025-08-25 17:15:54,P4,0,True
3485698,3485699,3,2,2,2025-08-25 18:07:45,2025-08-25 18:13:51,P4,0,True
3485704,3485704,1,1,1,2025-08-25 18:17:22,2025-08-25 18:25:02,P4,0,True
3485706,3485706,1,1,1,2025-08-25 18:28:55,2025-08-25 18:34:32,P4,0,True
3485708,3485716,13,9,9,2025-08-25 18:34:48,2025-08-25 18:56:48,P4,0,True
3485721,3485721,1,1,1,2025-08-25 18:56:41,2025-08-25 19:00:29,P4,0,True
3485723,3485723,1,1,1,2025-08-25 19:01:10,2025-08-25 19:02:32,P4,0,True
3485726,3485734,10,9,9,2025-08-25 19:04:28,2025-08-25 19:27:58,P4,0,True
3485742,3485743,3,2,2,2025-08-25 19:42:05,2025-08-25 19:49:11,P4,0,True
3485749,3485751,4,3,3,2025-08-25 19:54:17,2025-08-25 20:11:18,P4,0,True
3485759,3485760,3,2,2,2025-08-25 20:24:17,2025-08-25 20:29:24,P4,0,True
3485764,3485764,2,1,1,2025-08-25 20:31:09,2025-08-25 20:34:41,P4,0,True
3485787,3485787,2,1,1,2025-08-25 21:20:08,2025-08-25 21:23:38,P4,0,True
3485791,3485791,1,1,1,2025-08-25 21:29:05,2025-08-25 21:32:41,P4,0,True
3485794,3485794,1,1,1,2025-08-25 21:35:38,2025-08-25 21:35:41,P4,0,True
3485799,3485799,2,1,1,2025-08-25 21:44:16,2025-08-25 21:48:02,P4,0,True
3485806,3485806,2,1,1,2025-08-25 22:10:39,2025-08-25 22:18:52,P4,0,True
3485808,3485816,16,9,9,2025-08-25 22:18:39,2025-08-25 23:04:48,P4,0,True
3485831,3485831,1,1,1,2025-08-25 23:16:12,2025-08-25 23:16:43,P4,0,True
3485834,3485838,6,5,5,2025-08-25 23:18:05,2025-08-25 23:34:28,P4,0,True
3485843,3485843,2,1,1,2025-08-25 23:37:32,2025-08-25 23:41:52,P4,0,True
3485847,3485847,1,1,1,2025-08-25 23:45:54,2025-08-25 23:48:44,P4,0,True
3485850,3485851,3,2,2,2025-08-25 23:52:51,2025-08-25 23:59:07,P4,0,True
3485861,3485861,1,1,1,2025-08-26 00:11:30,2025-08-26 00:12:48,P4,0,True
3485863,3485863,2,1,1,2025-08-26 00:15:52,2025-08-26 00:21:47,P4,0,True
3485868,3485868,2,1,1,2025-08-26 00:27:06,2025-08-26 00:27:58,P4,0,True
3485870,3485871,3,2,2,2025-08-26 00:27:34,2025-08-26 00:35:13,P4,0,True
3485873,3485873,2,1,1,2025-08-26 00:34:40,2025-08-26 00:40:12,P4,0,True
3485878,3485878,2,1,1,2025-08-26 00:50:06,2025-08-26 00:51:24,P4,0,True
3485908,3485909,3,2,2,2025-08-26 01:38:24,2025-08-26 01:41:30,P4,0,True
3485942,3485942,2,1,1,2025-08-26 02:44:05,2025-08-26 02:45:56,P4,0,True
3485948,3485948,1,1,1,2025-08-26 02:47:38,2025-08-26 02:51:12,P4,0,True
3485961,3485961,2,1,1,2025-08-26 03:12:48,2025-08-26 03:22:22,P4,0,True
3485963,3485971,13,9,9,2025-08-26 03:19:00,2025-08-26 04:01:12,P4,0,True
3485976,3485976,1,1,1,2025-08-26 03:57:55,2025-08-26 04:08:39,P4,0,True
3485987,3485987,1,1,1,2025-08-26 04:24:25,2025-08-26 04:24:27,P4,0,True
3485989,3485989,1,1,1,2025-08-26 04:25:43,2025-08-26 04:34:57,P4,0,True
3485994,3485994,1,1,1,2025-08-26 04:46:28,2025-08-26 04:51:22,P4,0,True
3486004,3486005,3,2,2,2025-08-26 05:08:35,2025-08-26 05:14:57,P4,0,True
3486010,3486010,1,1,1,2025-08-26 05:21:02,2025-08-26 05:22:59,P4,0,True
3486032,3486032,1,1,1,2025-08-26 06:01:45,2025-08-26 06:01:49,P4,0,True
3486073,3486073,2,1,1,2025-08-26 07:15:33,2025-08-26 07:20:58,P4,0,True
3487257,3487257,2,1,1,2025-08-28 00:23:42,2025-08-28 00:24:53,,0,True
3487278,3487278,1,1,1,2025-08-28 01:20:32,2025-08-28 01:23:58,,0,True
3487287,3487287,2,1,1,2025-08-28 01:37:06,2025-08-28 01:40:02,,0,True
3487291,3487291,2,1,1,2025-08-28 01:45:07,2025-08-28 01:52:03,,0,True
3487648,3487648,1,1,1,2025-08-28 12:08:08,2025-08-28 12:09:38,P5,0,True
3487658,3487658,1,1,1,2025-08-28 12:24:14,2025-08-28 12:26:26,P5,0,True
3487663,3487663,1,1,1,2025-08-28 12:32:42,2025-08-28 12:36:05,P5,0,True
3487666,3487666,1,1,1,2025-08-28 12:40:57,2025-08-28 12:43:42,P5,0,True
3487683,3487684,3,2,2,2025-08-28 13:08:50,2025-08-28 13:23:44,P5,0,True
3487689,3487692,4,4,4,2025-08-28 13:27:01,2025-08-28 13:41:22,P5,0,True
3487726,3487727,3,2,2,2025-08-28 14:47:39,2025-08-28 14:54:55,P5,0,True
3487740,3487740,1,1,1,2025-08-28 15:17:32,2025-08-28 15:21:38,P5,0,True
3487743,3487743,1,1,1,2025-08-28 15:29:08,2025-08-28 15:39:58,P5,0,True
3487754,3487754,1,1,1,2025-08-28 15:54:01,2025-08-28 15:54:21,P5,0,True
3487757,3487757,1,1,1,2025-08-28 15:59:32,2025-08-28 16:04:52,P5,0,True
3487762,3487762,2,1,1,2025-08-28 16:09:57,2025-08-28 16:10:56,P5,0,True
3487776,3487778,4,3,3,2025-08-28 16:35:43,2025-08-28 16:50:41,P5,0,True
3487784,3487784,2,1,1,2025-08-28 16:56:05,2025-08-28 16:58:57,P5,0,True
3487791,3487793,4,3,3,2025-08-28 17:13:52,2025-08-28 17:23:13,P5,0,True
3487800,3487800,1,1,1,2025-08-28 17:28:18,2025-08-28 17:31:58,P5,0,True
3487802,3487803,3,2,2,2025-08-28 17:32:10,2025-08-28 17:40:23,P5,0,True
3487805,3487805,1,1,1,2025-08-28 17:37:46,2025-08-28 17:43:49,P5,0,True
3487807,3487807,1,1,1,2025-08-28 17:47:48,2025-08-28 17:49:49,P5,0,True
3487810,3487810,1,1,1,2025-08-28 17:50:35,2025-08-28 17:53:29,P5,0,True
3487823,3487823,2,1,1,2025-08-28 18:14:36,2025-08-28 18:23:36,P5,0,True
3487825,3487825,1,1,1,2025-08-28 18:23:02,2025-08-28 18:24:42,P5,0,True
3487839,3487839,2,1,1,2025-08-28 18:43:34,2025-08-28 18:48:39,P5,0,True
3487853,3487853,2,1,1,2025-08-28 19:09:39,2025-08-28 19:11:36,P5,0,True
3487855,3487855,1,1,1,2025-08-28 19:11:30,2025-08-28 19:14:53,P5,0,True
3487858,3487859,3,2,2,2025-08-28 19:17:20,2025-08-28 19:25:57,P5,0,True
3487867,3487867,1,1,1,2025-08-28 19:31:06,2025-08-28 19:34:09,P5,0,True
3487884,3487884,2,1,1,2025-08-28 20:01:35,2025-08-28 20:07:11,P5,0,True
3487886,3487886,1,1,1,2025-08-28 20:06:59,2025-08-28 20:10:33,P5,0,True
3487893,3487893,1,1,1,2025-08-28 20:21:53,2025-08-28 20:24:55,P5,0,True
3487895,3487895,1,1,1,2025-08-28 20:25:59,2025-08-28 20:30:11,P5,0,True
3487899,3487899,2,1,1,2025-08-28 20:31:38,2025-08-28 20:36:39,P5,0,True
3487905,3487905,2,1,1,2025-08-28 20:43:55,2025-08-28 20:46:00,P5,0,True
3487917,3487917,1,1,1,2025-08-28 21:09:59,2025-08-28 21:13:33,P5,0,True
3487920,3487920,1,1,1,2025-08-28 21:14:36,2025-08-28 21:22:19,P5,0,True
3487926,3487926,2,1,1,2025-08-28 21:36:10,2025-08-28 21:40:59,P5,0,True
3487943,3487943,1,1,1,2025-08-28 22:14:54,2025-08-28 22:16:40,P5,0,True
3487947,3487947,1,1,1,2025-08-28 22:20:42,2025-08-28 22:22:33,P5,0,True
3487959,3487959,1,1,1,2025-08-28 22:38:53,2025-08-28 22:47:43,P5,0,True
3487961,3487964,5,4,4,2025-08-28 22:48:02,2025-08-28 23:01:44,P5,0,True
3487968,3487968,1,1,1,2025-08-28 23:04:04,2025-08-28 23:04:58,P5,0,True
3487974,3487974,1,1,1,2025-08-28 23:08:05,2025-08-28 23:08:13,P5,0,True
3487982,3487982,1,1,1,2025-08-28 23:29:38,2025-08-28 23:30:38,P5,0,True
3487987,3487988,3,2,2,2025-08-28 23:36:56,2025-08-28 23:41:29,P5,0,True
3487994,3487994,1,1,1,2025-08-28 23:51:03,2025-08-29 00:03:21,P5,0,True
3487998,3487999,3,2,2,2025-08-29 00:10:06,2025-08-29 00:15:55,P5,0,True
3488001,3488001,1,1,1,2025-08-29 00:15:31,2025-08-29 00:26:15,P5,0,True
3488003,3488003,2,1,1,2025-08-29 00:26:21,2025-08-29 00:41:15,P5,0,True
3488015,3488015,2,1,1,2025-08-29 00:52:36,2025-08-29 00:58:41,P5,0,True
3488026,3488026,1,1,1,2025-08-29 01:14:30,2025-08-29 01:22:08,P5,0,True
3488028,3488028,2,1,1,2025-08-29 01:24:29,2025-08-29 01:30:37,P5,0,True
3488036,3488036,1,1,1,2025-08-29 01:42:52,2025-08-29 01:51:02,P5,0,True
3488040,3488040,1,1,1,2025-08-29 01:52:10,2025-08-29 01:53:10,P5,0,True
3488051,3488051,1,1,1,2025-08-29 02:12:48,2025-08-29 02:15:52,P5,0,True
3488057,3488057,1,1,1,2025-08-29 02:24:10,2025-08-29 02:24:44,P5,1,False
3488059,3488059,1,1,1,2025-08-29 02:27:11,2025-08-29 02:33:54,P5,0,True
3488075,3488076,3,2,2,2025-08-29 03:05:10,2025-08-29 03:06:58,P5,0,True
3488078,3488078,1,1,1,2025-08-29 03:06:01,2025-08-29 03:08:54,P5,0,True
3488080,3488080,1,1,1,2025-08-29 03:12:16,2025-08-29 03:12:25,P5,0,True
3488094,3488094,2,1,1,2025-08-29 03:50:47,2025-08-29 03:55:04,P5,0,True
3488125,3488125,1,1,1,2025-08-29 05:16:14,2025-08-29 05:17:47,P5,0,True
3488127,3488127,1,1,1,2025-08-29 05:17:50,2025-08-29 05:18:52,P5,0,True
3488136,3488140,7,5,5,2025-08-29 05:32:47,2025-08-29 05:45:07,P5,0,True
3488145,3488145,1,1,1,2025-08-29 05:46:54,2025-08-29 05:48:18,P5,0,True
3488147,3488147,1,1,1,2025-08-29 05:48:47,2025-08-29 05:50:51,P5,0,True
3488149,3488149,2,1,1,2025-08-29 05:54:55,2025-08-29 05:56:25,P5,0,True
3488151,3488151,2,1,1,2025-08-29 05:55:59,2025-08-29 06:05:08,P5,0,True
3488160,3488160,2,1,1,2025-08-29 06:16:26,2025-08-29 06:20:17,P5,0,True
3488183,3488183,2,1,1,2025-08-29 06:58:13,2025-08-29 06:59:54,P5,0,True
3488205,3488206,2,2,2,2025-08-29 07:37:51,2025-08-29 07:42:02,P5,0,True
3488208,3488208,2,1,1,2025-08-29 07:42:07,2025-08-29 07:49:00,P5,0,True
3488216,3488216,2,1,1,2025-08-29 07:59:05,2025-08-29 08:05:20,P5,0,True
3488235,3488235,2,1,1,2025-08-29 08:37:20,2025-08-29 08:45:16,P5,0,True
3488516,3488516,1,1,1,2025-08-29 17:12:40,2025-08-29 17:12:52,,0,True
3488527,3488527,1,1,1,2025-08-29 17:26:55,2025-08-29 17:28:23,,0,True
3489104,3489104,1,1,1,2025-08-30 12:52:56,2025-08-30 12:55:57,,0,True
3489187,3489187,1,1,1,2025-08-30 14:58:19,2025-08-30 15:02:24,P6,0,True
3489191,3489191,1,1,1,2025-08-30 15:03:59,2025-08-30 15:07:53,P6,0,True
3489194,3489194,2,1,1,2025-08-30 15:12:23,2025-08-30 15:15:09,P6,0,True
3489196,3489196,2,1,1,2025-08-30 15:14:49,2025-08-30 15:17:42,P6,0,True
3489216,3489216,1,1,1,2025-08-30 15:54:24,2025-08-30 15:55:42,P6,0,True
3489218,3489218,1,1,1,2025-08-30 15:56:53,2025-08-30 15:59:14,P6,0,True
3489228,3489228,2,1,1,2025-08-30 16:11:16,2025-08-30 16:14:08,P6,0,True
3489235,3489235,1,1,1,2025-08-30 16:26:54,2025-08-30 16:29:24,P6,0,True
3489243,3489243,2,1,1,2025-08-30 16:39:42,2025-08-30 16:44:41,P6,0,True
3489259,3489259,1,1,1,2025-08-30 17:03:52,2025-08-30 17:10:03,P6,0,True
3489264,3489264,2,1,1,2025-08-30 17:18:28,2025-08-30 17:21:39,P6,0,True
3489288,3489289,3,2,2,2025-08-30 17:57:20,2025-08-30 18:07:25,P6,0,True
3489292,3489292,2,1,1,2025-08-30 18:09:34,2025-08-30 18:19:25,P6,0,True
3489294,3489294,1,1,1,2025-08-30 18:16:55,2025-08-30 18:20:49,P6,0,True
3489303,3489303,2,1,1,2025-08-30 18:43:56,2025-08-30 18:48:01,P6,0,True
3489309,3489309,1,1,1,2025-08-30 18:54:41,2025-08-30 18:58:43,P6,0,True
3489317,3489317,2,1,1,2025-08-30 19:06:37,2025-08-30 19:19:01,P6,0,True
3489329,3489329,2,1,1,2025-08-30 19:32:11,2025-08-30 19:39:39,P6,0,True
3489336,3489336,1,1,1,2025-08-30 19:44:25,2025-08-30 19:45:13,P6,0,True
3489338,3489338,2,1,1,2025-08-30 19:47:47,2025-08-30 19:54:51,P6,0,True
3489348,3489348,1,1,1,2025-08-30 20:14:46,2025-08-30 20:14:53,P6,0,True
3489354,3489354,1,1,1,2025-08-30 20:30:53,2025-08-30 20:34:43,P6,0,True
3489356,3489356,2,1,1,2025-08-30 20:36:40,2025-08-30 20:42:51,P6,0,True
3489358,3489358,2,1,1,2025-08-30 20:42:32,2025-08-30 20:47:49,P6,0,True
3489363,3489363,1,1,1,2025-08-30 20:48:47,2025-08-30 20:54:24,P6,0,True
3489365,3489367,4,3,3,2025-08-30 20:55:20,2025-08-30 21:02:51,P6,0,True
3489369,3489369,1,1,1,2025-08-30 20:57:58,2025-08-30 21:03:13,P6,0,True
3489377,3489377,2,1,1,2025-08-30 21:14:53,2025-08-30 21:16:50,P6,0,True
3489387,3489387,1,1,1,2025-08-30 21:31:09,2025-08-30 21:38:26,P6,0,True
3489393,3489394,3,2,2,2025-08-30 21:43:14,2025-08-30 21:50:33,P6,0,True
3489404,3489404,1,1,1,2025-08-30 22:04:30,2025-08-30 22:07:10,P6,0,True
3489406,3489409,5,4,4,2025-08-30 22:08:51,2025-08-30 22:18:09,P6,0,True
3489411,3489411,2,1,1,2025-08-30 22:13:30,2025-08-30 22:25:19,P6,0,True
3489413,3489414,3,2,2,2025-08-30 22:23:58,2025-08-30 22:31:51,P6,0,True
3489418,3489418,1,1,1,2025-08-30 22:35:21,2025-08-30 22:39:37,P6,0,True
3489427,3489435,12,9,9,2025-08-30 22:50:50,2025-08-30 23:35:42,P6,0,True
3489439,3489439,1,1,1,2025-08-30 23:29:13,2025-08-30 23:37:07,P6,0,True
3489443,3489443,1,1,1,2025-08-30 23:39:55,2025-08-30 23:44:38,P6,0,True
3489453,3489453,2,1,1,2025-08-31 00:09:28,2025-08-31 00:14:00,P6,0,True
3489459,3489463,6,5,5,2025-08-31 00:16:38,2025-08-31 00:41:29,P6,0,True
3489466,3489468,4,3,3,2025-08-31 00:41:37,2025-08-31 00:52:19,P6,0,True
3489471,3489471,1,1,1,2025-08-31 00:52:40,2025-08-31 00:55:23,P6,0,True
3489479,3489479,1,1,1,2025-08-31 01:02:25,2025-08-31 01:05:19,P6,0,True
3489490,3489490,1,1,1,2025-08-31 01:40:03,2025-08-31 01:45:49,P6,0,True
3489496,3489496,1,1,1,2025-08-31 01:58:05,2025-08-31 01:58:50,P6,0,True
3489499,3489499,1,1,1,2025-08-31 02:02:58,2025-08-31 02:03:01,P6,0,True
3489535,3489535,1,1,1,2025-08-31 03:16:08,2025-08-31 03:20:26,P6,0,True
3489538,3489538,1,1,1,2025-08-31 03:24:37,2025-08-31 03:26:17,P6,0,True
3489572,3489580,11,9,9,2025-08-31 04:38:29,2025-08-31 05:24:12,P6,0,True
3489586,3489589,5,4,4,2025-08-31 05:27:46,2025-08-31 05:47:34,P6,0,True
3489601,3489601,2,1,1,2025-08-31 06:06:39,2025-08-31 06:12:22,P6,0,True
3489617,3489625,12,9,9,2025-08-31 06:44:13,2025-08-31 07:12:25,P6,0,True
3489630,3489630,2,1,1,2025-08-31 07:14:58,2025-08-31 07:20:59,P6,0,True
3489642,3489642,1,1,1,2025-08-31 07:43:30,2025-08-31 07:51:25,P6,0,True
3489661,3489661,1,1,1,2025-08-31 08:19:51,2025-08-31 08:25:56,P6,0,True
3489664,3489664,2,1,1,2025-08-31 08:27:44,2025-08-31 08:36:36,P6,0,True
3489666,3489666,1,1,1,2025-08-31 08:36:19,2025-08-31 08:38:02,P6,0,True
3489668,3489668,2,1,1,2025-08-31 08:45:30,2025-08-31 08:49:38,P6,0,True
3489671,3489671,1,1,1,2025-08-31 08:50:43,2025-08-31 08:51:28,P6,0,True
3489676,3489676,2,1,1,2025-08-31 08:58:49,2025-08-31 09:03:40,P6,0,True
3489678,3489678,1,1,1,2025-08-31 09:00:40,2025-08-31 09:07:13,P6,0,True
3489681,3489681,1,1,1,2025-08-31 09:09:33,2025-08-31 09:11:08,P6,0,True
3489688,3489688,2,1,1,2025-08-31 09:25:24,2025-08-31 09:27:29,P6,0,True
3489690,3489690,1,1,1,2025-08-31 09:26:30,2025-08-31 09:31:56,P6,0,True
3489718,3489719,2,2,2,2025-08-31 10:42:31,2025-08-31 10:47:33,P6,0,True
3489721,3489721,2,1,1,2025-08-31 10:48:22,2025-08-31 10:53:33,P6,0,True
3489724,3489724,1,1,1,2025-08-31 10:55:21,2025-08-31 10:56:44,P6,0,True
3489730,3489730,2,1,1,2025-08-31 11:01:44,2025-08-31 11:05:50,P6,0,True
3489737,3489737,2,1,1,2025-08-31 11:13:19,2025-08-31 11:19:54,P6,0,True
3489743,3489743,2,1,1,2025-08-31 11:26:09,2025-08-31 11:31:36,P6,0,True
3489750,3489750,1,1,1,2025-08-31 11:38:30,2025-08-31 11:38:34,P6,0,True
3489762,3489762,2,1,1,2025-08-31 11:53:53,2025-08-31 12:02:08,P6,0,True
3489772,3489773,3,2,2,2025-08-31 12:21:22,2025-08-31 12:28:16,P6,0,True
3489775,3489775,2,1,1,2025-08-31 12:26:40,2025-08-31 12:29:53,P6,0,True
3489777,3489777,2,1,1,2025-08-31 12:29:51,2025-08-31 12:34:12,P6,0,True
3489780,3489780,1,1,1,2025-08-31 12:35:05,2025-08-31 12:35:31,P6,0,True
3489784,3489784,2,1,1,2025-08-31 12:40:42,2025-08-31 12:46:23,P6,0,True
3489805,3489805,1,1,1,2025-08-31 13:24:39,2025-08-31 13:27:40,P6,0,True
3489815,3489815,1,1,1,2025-08-31 13:36:35,2025-08-31 13:38:06,P6,0,True
3489819,3489820,3,2,2,2025-08-31 13:48:11,2025-08-31 13:58:11,P6,0,True
3489883,3489883,1,1,1,2025-08-31 15:40:25,2025-08-31 15:43:27,P6,0,True
3489888,3489888,1,1,1,2025-08-31 15:55:19,2025-08-31 15:57:08,P6,0,True
3490226,3490226,1,1,1,2025-09-01 01:42:57,2025-09-01 01:43:47,,0,True
3490230,3490230,1,1,1,2025-09-01 01:51:08,2025-09-01 01:51:58,,0,True
3490614,3490614,2,1,1,2025-09-01 13:55:18,2025-09-01 14:01:59,,0,True
3490621,3490621,2,1,1,2025-09-01 14:08:50,2025-09-01 14:15:57,P7,0,True
3490631,3490631,1,1,1,2025-09-01 14:29:27,2025-09-01 14:31:11,P7,0,True
3490646,3490646,1,1,1,2025-09-01 14:48:58,2025-09-01 14:54:22,P7,0,True
3490659,3490659,1,1,1,2025-09-01 15:11:17,2025-09-01 15:14:32,P7,0,True
3490664,3490664,2,1,1,2025-09-01 15:18:52,2025-09-01 15:22:12,P7,0,True
3490671,3490671,1,1,1,2025-09-01 15:37:17,2025-09-01 15:40:51,P7,0,True
3490673,3490677,7,5,5,2025-09-01 15:42:13,2025-09-01 15:55:25,P7,0,True
3490680,3490680,1,1,1,2025-09-01 15:52:09,2025-09-01 15:55:37,P7,1,False
3490732,3490732,1,1,1,2025-09-01 17:30:05,2025-09-01 17:32:00,P7,0,True
3490740,3490740,2,1,1,2025-09-01 17:46:07,2025-09-01 17:48:34,P7,0,True
3490749,3490749,1,1,1,2025-09-01 17:55:09,2025-09-01 18:05:32,P7,0,True
3490756,3490756,1,1,1,2025-09-01 18:17:24,2025-09-01 18:19:43,P7,0,True
3490800,3490805,8,6,6,2025-09-01 19:34:20,2025-09-01 19:58:57,P7,0,True
3490811,3490813,5,3,3,2025-09-01 20:00:54,2025-09-01 20:17:09,P7,0,True
3490818,3490818,2,1,1,2025-09-01 20:20:09,2025-09-01 20:24:17,P7,0,True
3490820,3490821,3,2,2,2025-09-01 20:22:27,2025-09-01 20:30:42,P7,0,True
3490826,3490826,1,1,1,2025-09-01 20:35:49,2025-09-01 20:36:02,P7,0,True
3490832,3490832,2,1,1,2025-09-01 20:48:41,2025-09-01 20:53:26,P7,0,True
3490848,3490848,1,1,1,2025-09-01 21:16:57,2025-09-01 21:18:34,P7,0,True
3490853,3490853,1,1,1,2025-09-01 21:24:35,2025-09-01 21:30:00,P7,0,True
3490861,3490861,1,1,1,2025-09-01 21:42:06,2025-09-01 21:50:13,P7,0,True
3490868,3490870,5,3,3,2025-09-01 21:55:23,2025-09-01 22:06:32,P7,0,True
3490873,3490879,9,7,7,2025-09-01 22:02:49,2025-09-01 22:39:04,P7,0,True
3490882,3490882,1,1,1,2025-09-01 22:38:33,2025-09-01 22:50:40,P7,0,True
3490884,3490884,1,1,1,2025-09-01 22:54:33,2025-09-01 22:55:04,P7,0,True
3490888,3490888,2,1,1,2025-09-01 23:03:52,2025-09-01 23:10:16,P7,0,True
3490894,3490894,1,1,1,2025-09-01 23:19:33,2025-09-01 23:22:18,P7,0,True
3490900,3490900,2,1,1,2025-09-01 23:27:13,2025-09-01 23:30:07,P7,0,True
3490906,3490908,5,3,3,2025-09-01 23:43:10,2025-09-01 23:51:49,P7,0,True
3490911,3490911,1,1,1,2025-09-01 23:48:50,2025-09-02 00:00:26,P7,0,True
3490913,3490913,1,1,1,2025-09-02 00:03:28,2025-09-02 00:05:23,P7,0,True
3490918,3490918,1,1,1,2025-09-02 00:14:36,2025-09-02 00:15:51,P7,0,True
3490920,3490920,1,1,1,2025-09-02 00:18:59,2025-09-02 00:20:39,P7,0,True
3490925,3490926,3,2,2,2025-09-02 00:31:16,2025-09-02 00:37:59,P7,0,True
3490930,3490930,2,1,1,2025-09-02 00:40:00,2025-09-02 00:44:16,P7,0,True
3490936,3490936,1,1,1,2025-09-02 00:57:58,2025-09-02 00:59:28,P7,0,True
3490942,3490942,2,1,1,2025-09-02 01:07:43,2025-09-02 01:16:19,P7,0,True
3490946,3490946,2,1,1,2025-09-02 01:20:32,2025-09-02 01:25:04,P7,0,True
3490951,3490953,4,3,3,2025-09-02 01:36:33,2025-09-02 01:54:47,P7,0,True
3490982,3490984,5,3,3,2025-09-02 02:49:30,2025-09-02 03:06:40,P7,0,True
3490991,3490992,3,2,2,2025-09-02 03:10:49,2025-09-02 03:22:40,P7,0,True
3491008,3491008,1,1,1,2025-09-02 04:00:52,2025-09-02 04:07:21,P7,0,True
3491018,3491018,1,1,1,2025-09-02 04:16:12,2025-09-02 04:27:15,P7,0,True
3491026,3491026,1,1,1,2025-09-02 04:36:53,2025-09-02 04:42:10,P7,0,True
3491028,3491028,1,1,1,2025-09-02 04:45:03,2025-09-02 04:46:59,P7,0,True
3491033,3491033,2,1,1,2025-09-02 04:55:33,2025-09-02 05:12:50,P7,0,True
3491046,3491046,2,1,1,2025-09-02 05:34:24,2025-09-02 05:36:12,P7,0,True
3491054,3491055,3,2,2,2025-09-02 05:49:06,2025-09-02 06:00:40,P7,0,True
3491060,3491060,1,1,1,2025-09-02 06:11:18,2025-09-02 06:13:56,P7,0,True
3491065,3491066,2,2,2,2025-09-02 06:18:06,2025-09-02 06:26:34,P7,0,True
3491070,3491070,1,1,1,2025-09-02 06:34:04,2025-09-02 06:43:17,P7,0,True
3491074,3491074,1,1,1,2025-09-02 06:55:30,2025-09-02 06:57:27,P7,0,True
3491078,3491078,1,1,1,2025-09-02 07:03:55,2025-09-02 07:04:27,P7,0,True
3491083,3491083,2,1,1,2025-09-02 07:14:51,2025-09-02 07:18:39,P7,0,True
3491085,3491085,1,1,1,2025-09-02 07:16:52,2025-09-02 07:19:05,P7,0,True
3491089,3491089,2,1,1,2025-09-02 07:27:05,2025-09-02 07:28:09,P7,0,True
3491104,3491104,1,1,1,2025-09-02 07:55:27,2025-09-02 07:57:30,P7,0,True
3491120,3491121,3,2,2,2025-09-02 08:29:08,2025-09-02 08:39:48,P7,0,True
3491129,3491129,1,1,1,2025-09-02 08:50:47,2025-09-02 08:52:30,P7,0,True
3491131,3491132,3,2,2,2025-09-02 08:54:04,2025-09-02 08:57:04,P7,0,True
3491136,3491136,2,1,1,2025-09-02 09:02:14,2025-09-02 09:06:42,P7,0,True
3491143,3491143,2,1,1,2025-09-02 09:10:29,2025-09-02 09:17:46,P7,0,True
3491145,3491145,1,1,1,2025-09-02 09:17:46,2025-09-02 09:19:52,P7,0,True
3491157,3491157,1,1,1,2025-09-02 09:32:04,2025-09-02 09:36:21,P7,0,True
3491159,3491160,3,2,2,2025-09-02 09:39:07,2025-09-02 09:44:35,P7,0,True
3491177,3491177,1,1,1,2025-09-02 10:21:33,2025-09-02 10:21:42,P7,0,True
3491179,3491179,1,1,1,2025-09-02 10:25:37,2025-09-02 10:30:43,P7,0,True
3491186,3491186,1,1,1,2025-09-02 10:40:23,2025-09-02 10:45:58,P7,0,True
3491194,3491194,1,1,1,2025-09-02 10:57:57,2025-09-02 11:00:01,P7,0,True
3491199,3491199,1,1,1,2025-09-02 11:07:03,2025-09-02 11:08:54,P7,0,True
3491201,3491201,1,1,1,2025-09-02 11:12:37,2025-09-02 11:14:09,P7,0,True
3491203,3491203,1,1,1,2025-09-02 11:16:49,2025-09-02 11:17:31,P7,0,True
3491206,3491209,5,4,4,2025-09-02 11:18:48,2025-09-02 11:25:40,P7,0,True
3491227,3491227,1,1,1,2025-09-02 11:57:16,2025-09-02 12:01:49,P7,0,True
3492792,3492792,1,1,1,2025-09-04 13:37:09,2025-09-04 13:38:06,,0,True
3492845,3492845,1,1,1,2025-09-04 15:37:43,2025-09-04 15:43:07,,0,True
3492878,3492880,5,3,3,2025-09-04 17:12:17,2025-09-04 17:21:28,P8,0,True
3492885,3492885,1,1,1,2025-09-04 17:22:17,2025-09-04 17:24:44,P8,0,True
3492894,3492894,1,1,1,2025-09-04 17:44:02,2025-09-04 17:49:33,P8,0,True
3492904,3492904,2,1,1,2025-09-04 18:03:55,2025-09-04 18:11:46,P8,0,True
3492906,3492907,3,2,2,2025-09-04 18:11:35,2025-09-04 18:16:57,P8,0,True
3492909,3492909,1,1,1,2025-09-04 18:14:13,2025-09-04 18:18:12,P8,0,True
3492917,3492917,1,1,1,2025-09-04 18:41:24,2025-09-04 18:42:01,P8,0,True
3492920,3492920,1,1,1,2025-09-04 18:46:51,2025-09-04 18:51:27,P8,0,True
3492928,3492931,5,4,4,2025-09-04 19:03:53,2025-09-04 19:21:12,P8,0,True
3492952,3492952,2,1,1,2025-09-04 19:50:44,2025-09-04 19:56:16,P8,0,True
3492959,3492959,2,1,1,2025-09-04 20:08:02,2025-09-04 20:09:47,P8,0,True
3492961,3492961,2,1,1,2025-09-04 20:09:00,2025-09-04 20:14:34,P8,0,True
3492964,3492964,2,1,1,2025-09-04 20:15:27,2025-09-04 20:23:47,P8,0,True
3492967,3492971,7,5,5,2025-09-04 20:29:24,2025-09-04 20:49:12,P8,0,True
3492975,3492975,2,1,1,2025-09-04 20:49:54,2025-09-04 20:51:53,P8,0,True
3492977,3492977,1,1,1,2025-09-04 20:51:45,2025-09-04 20:52:54,P8,0,True
3492981,3492981,1,1,1,2025-09-04 21:00:40,2025-09-04 21:07:57,P8,0,True
3492987,3492987,1,1,1,2025-09-04 21:30:20,2025-09-04 21:33:29,P8,0,True
3492992,3492993,3,2,2,2025-09-04 21:40:22,2025-09-04 21:52:02,P8,0,True
3493000,3493000,2,1,1,2025-09-04 22:18:40,2025-09-04 22:29:50,P8,0,True
3493002,3493004,4,3,3,2025-09-04 22:28:02,2025-09-04 22:43:12,P8,0,True
3493006,3493006,1,1,1,2025-09-04 22:37:44,2025-09-04 22:46:12,P8,0,True
3493008,3493008,1,1,1,2025-09-04 22:51:12,2025-09-04 22:53:33,P8,0,True
3493010,3493010,1,1,1,2025-09-04 22:54:04,2025-09-04 23:03:10,P8,0,True
3493022,3493022,2,1,1,2025-09-04 23:25:02,2025-09-04 23:27:58,P8,0,True
3493025,3493032,11,8,8,2025-09-04 23:32:40,2025-09-05 00:20:23,P8,0,True
3493036,3493036,2,1,1,2025-09-05 00:11:36,2025-09-05 00:25:06,P8,0,True
3493116,3493116,2,1,1,2025-09-05 03:21:47,2025-09-05 03:24:20,P8,0,True
3493121,3493121,3,1,1,2025-09-05 03:25:48,2025-09-05 03:30:45,P8,0,True
3493128,3493128,1,1,1,2025-09-05 03:39:07,2025-09-05 03:41:45,P8,0,True
3493133,3493133,1,1,1,2025-09-05 03:45:13,2025-09-05 03:53:14,P8,0,True
3493137,3493137,1,1,1,2025-09-05 04:08:39,2025-09-05 04:13:21,P8,0,True
3493147,3493147,2,1,1,2025-09-05 04:29:17,2025-09-05 04:32:28,P8,0,True
3493149,3493149,2,1,1,2025-09-05 04:32:13,2025-09-05 04:36:45,P8,0,True
3493153,3493153,2,1,1,2025-09-05 04:41:51,2025-09-05 04:50:19,P8,0,True
3493164,3493166,4,3,3,2025-09-05 05:03:20,2025-09-05 05:07:35,P8,0,True
3493174,3493174,2,1,1,2025-09-05 05:17:55,2025-09-05 05:19:08,P8,0,True
3493182,3493182,1,1,1,2025-09-05 05:29:41,2025-09-05 05:31:07,P8,0,True
3493185,3493185,2,1,1,2025-09-05 05:33:21,2025-09-05 05:43:28,P8,0,True
3493188,3493188,1,1,1,2025-09-05 05:44:41,2025-09-05 05:47:39,P8,0,True
3493200,3493200,1,1,1,2025-09-05 06:08:27,2025-09-05 06:15:50,P8,0,True
3493205,3493205,1,1,1,2025-09-05 06:18:42,2025-09-05 06:21:43,P8,0,True
3493210,3493212,5,3,3,2025-09-05 06:31:02,2025-09-05 06:38:39,P8,0,True
3493220,3493220,1,1,1,2025-09-05 06:43:48,2025-09-05 06:45:52,P8,0,True
3493222,3493224,5,3,3,2025-09-05 06:47:52,2025-09-05 06:58:57,P8,0,True
3493237,3493237,1,1,1,2025-09-05 07:20:12,2025-09-05 07:27:24,P8,0,True
3493242,3493242,2,1,1,2025-09-05 07:29:24,2025-09-05 07:32:51,P8,0,True
3493245,3493245,2,1,1,2025-09-05 07:33:11,2025-09-05 07:36:07,P8,0,True
3493251,3493251,2,1,1,2025-09-05 07:43:26,2025-09-05 07:49:17,P8,0,True
3493255,3493257,3,3,3,2025-09-05 07:51:53,2025-09-05 08:02:53,P8,0,True
3493261,3493261,1,1,1,2025-09-05 08:07:44,2025-09-05 08:11:59,P8,0,True
3493266,3493268,4,3,3,2025-09-05 08:16:30,2025-09-05 08:22:48,P8,0,True
3493270,3493270,2,1,1,2025-09-05 08:18:51,2025-09-05 08:27:32,P8,0,True
3493272,3493272,2,1,1,2025-09-05 08:27:06,2025-09-05 08:32:41,P8,0,True
3493285,3493285,2,1,1,2025-09-05 08:43:51,2025-09-05 08:44:43,P8,0,True
3493298,3493298,1,1,1,2025-09-05 09:06:40,2025-09-05 09:06:43,P8,0,True
3493308,3493308,2,1,1,2025-09-05 09:21:39,2025-09-05 09:26:36,P8,0,True
3493311,3493311,1,1,1,2025-09-05 09:30:32,2025-09-05 09:36:11,P8,0,True
3493314,3493316,4,3,3,2025-09-05 09:38:35,2025-09-05 10:00:01,P8,0,True
3493321,3493326,8,6,6,2025-09-05 10:11:13,2025-09-05 10:32:47,P8,0,True
3493331,3493331,1,1,1,2025-09-05 10:34:25,2025-09-05 10:38:49,P8,0,True
3493347,3493347,1,1,1,2025-09-05 11:08:35,2025-09-05 11:11:03,P8,0,True
3493362,3493362,1,1,1,2025-09-05 11:35:45,2025-09-05 11:46:25,P8,0,True
3493368,3493368,1,1,1,2025-09-05 11:52:48,2025-09-05 11:54:38,P8,0,True
3493371,3493371,1,1,1,2025-09-05 12:00:11,2025-09-05 12:01:20,P8,0,True
3493396,3493396,1,1,1,2025-09-05 12:47:31,2025-09-05 12:50:02,P8,0,True
3493449,3493449,1,1,1,2025-09-05 14:49:37,2025-09-05 14:53:37,P8,0,True
3493456,3493456,2,1,1,2025-09-05 15:07:49,2025-09-05 15:09:32,P8,0,True
3493476,3493476,1,1,1,2025-09-05 15:44:44,2025-09-05 15:47:22,P8,0,True
3493500,3493500,2,1,1,2025-09-05 16:39:01,2025-09-05 16:44:38,P8,0,True
3493520,3493520,1,1,1,2025-09-05 17:18:56,2025-09-05 17:20:55,P8,0,True
3493522,3493522,2,1,1,2025-09-05 17:21:54,2025-09-05 17:26:06,P8,0,True
3493566,3493566,1,1,1,2025-09-05 18:43:45,2025-09-05 18:43:52,P8,0,True
3493599,3493599,2,1,1,2025-09-05 19:29:07,2025-09-05 19:37:43,P8,0,True
3493601,3493603,4,3,3,2025-09-05 19:32:03,2025-09-05 19:43:37,P8,0,True
3493702,3493702,2,1,1,2025-09-05 23:10:49,2025-09-05 23:13:49,P8,0,True
3493727,3493727,2,1,1,2025-09-05 23:54:35,2025-09-05 23:59:19,P8,0,True
3493747,3493747,1,1,1,2025-09-06 00:44:41,2025-09-06 00:47:29,P8,0,True
3493751,3493751,1,1,1,2025-09-06 00:49:13,2025-09-06 00:50:36,P8,0,True
3493793,3493793,1,1,1,2025-09-06 02:17:31,2025-09-06 02:19:54,P8,0,True
3493804,3493804,1,1,1,2025-09-06 02:45:00,2025-09-06 02:51:39,P8,0,True
3493809,3493809,1,1,1,2025-09-06 02:58:53,2025-09-06 03:01:23,P8,0,True
3493811,3493811,2,1,1,2025-09-06 03:05:13,2025-09-06 03:09:47,P8,0,True
3493837,3493838,3,2,2,2025-09-06 04:29:39,2025-09-06 04:35:59,P8,0,True
3493853,3493853,1,1,1,2025-09-06 05:05:07,2025-09-06 05:07:13,P8,0,True
3493884,3493885,3,2,2,2025-09-06 05:48:59,2025-09-06 05:53:19,P8,0,True
3493890,3493890,1,1,1,2025-09-06 05:59:29,2025-09-06 06:00:49,P8,0,True
3493894,3493894,1,1,1,2025-09-06 06:04:42,2025-09-06 06:05:46,P8,0,True
3493928,3493928,2,1,1,2025-09-06 07:16:51,2025-09-06 07:25:45,P8,0,True
3493930,3493930,1,1,1,2025-09-06 07:23:37,2025-09-06 07:28:54,P8,0,True
3493933,3493933,1,1,1,2025-09-06 07:31:24,2025-09-06 07:35:58,P8,0,True
3493947,3493947,1,1,1,2025-09-06 08:13:38,2025-09-06 08:15:05,P8,0,True
3493968,3493968,1,1,1,2025-09-06 08:47:10,2025-09-06 08:52:32,P8,0,True
3493970,3493970,1,1,1,2025-09-06 08:53:07,2025-09-06 08:56:36,P8,0,True
3493999,3493999,1,1,1,2025-09-06 09:43:43,2025-09-06 09:45:44,P8,0,True
3494050,3494050,2,1,1,2025-09-06 11:12:05,2025-09-06 11:15:45,P8,0,True
3494053,3494053,1,1,1,2025-09-06 11:16:25,2025-09-06 11:18:46,P8,0,True
3494085,3494085,1,1,1,2025-09-06 12:06:08,2025-09-06 12:10:31,P8,0,True
3494100,3494100,1,1,1,2025-09-06 12:30:52,2025-09-06 12:32:41,P8,0,True
3494104,3494104,2,1,1,2025-09-06 12:39:08,2025-09-06 12:44:47,P8,0,True
3494128,3494128,1,1,1,2025-09-06 13:31:33,2025-09-06 13:31:42,P8,0,True
3494146,3494147,3,2,2,2025-09-06 13:58:14,2025-09-06 14:03:35,P8,0,True
3494152,3494152,1,1,1,2025-09-06 14:05:23,2025-09-06 14:10:23,P8,0,True
3494160,3494160,2,1,1,2025-09-06 14:22:00,2025-09-06 14:27:58,P8,0,True
3494167,3494167,2,1,1,2025-09-06 14:36:18,2025-09-06 14:37:54,P8,0,True
3494173,3494173,2,1,1,2025-09-06 14:48:09,2025-09-06 14:50:51,P8,0,True
3494175,3494175,2,1,1,2025-09-06 14:50:33,2025-09-06 14:54:43,P8,0,True
3494177,3494177,2,1,1,2025-09-06 14:53:18,2025-09-06 14:58:41,P8,0,True
3494179,3494179,1,1,1,2025-09-06 14:57:12,2025-09-06 14:59:51,P8,0,True
3494184,3494186,4,3,3,2025-09-06 15:12:42,2025-09-06 15:17:43,P8,0,True
3494193,3494193,1,1,1,2025-09-06 15:24:20,2025-09-06 15:27:22,P8,0,True
3494196,3494196,2,1,1,2025-09-06 15:28:22,2025-09-06 15:32:11,P8,0,True
3494202,3494202,1,1,1,2025-09-06 15:39:32,2025-09-06 15:40:04,P8,0,True
3494204,3494204,2,1,1,2025-09-06 15:41:02,2025-09-06 15:42:45,P8,0,True
3494214,3494214,1,1,1,2025-09-06 15:55:39,2025-09-06 15:57:54,P8,0,True
3494217,3494219,5,3,3,2025-09-06 15:59:40,2025-09-06 16:10:40,P8,0,True
3494229,3494229,1,1,1,2025-09-06 16:17:29,2025-09-06 16:18:40,P8,0,True
3494238,3494238,2,1,1,2025-09-06 16:27:06,2025-09-06 16:34:30,P8,0,True
3494240,3494240,2,1,1,2025-09-06 16:34:27,2025-09-06 16:37:56,P8,0,True
3494253,3494253,2,1,1,2025-09-06 16:50:31,2025-09-06 17:03:20,P8,0,True
3494259,3494259,2,1,1,2025-09-06 17:10:58,2025-09-06 17:13:46,P8,0,True
3494261,3494261,1,1,1,2025-09-06 17:13:32,2025-09-06 17:16:16,P8,0,True
3494268,3494268,1,1,1,2025-09-06 17:19:58,2025-09-06 17:32:28,P8,0,True
3494271,3494271,1,1,1,2025-09-06 17:35:11,2025-09-06 17:37:34,P8,0,True
3494274,3494274,2,1,1,2025-09-06 17:38:46,2025-09-06 17:47:34,P8,0,True
3494280,3494281,3,2,2,2025-09-06 17:51:40,2025-09-06 17:53:19,P8,0,True
3494306,3494306,2,1,1,2025-09-06 18:27:13,2025-09-06 18:30:23,P8,0,True
3494322,3494322,1,1,1,2025-09-06 18:44:16,2025-09-06 18:48:45,P8,0,True
3494326,3494326,2,1,1,2025-09-06 18:53:02,2025-09-06 18:56:03,P8,0,True
3494336,3494342,8,7,7,2025-09-06 18:59:51,2025-09-06 19:26:05,P8,0,True
3494344,3494344,1,1,1,2025-09-06 19:20:46,2025-09-06 19:30:11,P8,0,True
3494352,3494352,1,1,1,2025-09-06 19:46:32,2025-09-06 19:50:47,P8,0,True
3494366,3494366,2,1,1,2025-09-06 20:05:07,2025-09-06 20:10:26,P8,0,True
3494377,3494377,1,1,1,2025-09-06 20:20:19,2025-09-06 20:21:55,P8,0,True
3494379,3494379,1,1,1,2025-09-06 20:22:23,2025-09-06 20:24:53,P8,0,True
3494387,3494387,1,1,1,2025-09-06 20:36:14,2025-09-06 20:37:13,P8,0,True
3494394,3494394,1,1,1,2025-09-06 20:52:40,2025-09-06 21:00:19,P8,0,True
3494398,3494398,1,1,1,2025-09-06 21:02:00,2025-09-06 21:02:16,P8,0,True
3494410,3494410,2,1,1,2025-09-06 21:17:37,2025-09-06 21:24:38,P8,0,True
3494418,3494418,1,1,1,2025-09-06 21:32:55,2025-09-06 21:36:05,P8,0,True
3494421,3494421,2,1,1,2025-09-06 21:39:39,2025-09-06 21:45:08,P8,0,True
3494424,3494424,2,1,1,2025-09-06 21:47:31,2025-09-06 21:52:03,P8,0,True
3494431,3494431,2,1,1,2025-09-06 22:00:03,2025-09-06 22:05:18,P8,0,True
3494437,3494437,1,1,1,2025-09-06 22:09:25,2025-09-06 22:12:37,P8,0,True
3494443,3494443,2,1,1,2025-09-06 22:20:06,2025-09-06 22:25:27,P8,0,True
3494450,3494450,1,1,1,2025-09-06 22:27:24,2025-09-06 22:32:44,P8,0,True
3494455,3494455,1,1,1,2025-09-06 22:39:26,2025-09-06 22:39:34,P8,0,True
3494457,3494457,1,1,1,2025-09-06 22:42:15,2025-09-06 22:44:14,P8,0,True
3494459,3494460,3,2,2,2025-09-06 22:47:10,2025-09-06 22:54:00,P8,0,True
3494462,3494462,1,1,1,2025-09-06 22:53:25,2025-09-06 22:59:23,P8,0,True
3494466,3494466,2,1,1,2025-09-06 23:03:39,2025-09-06 23:10:41,P8,0,True
3494471,3494471,1,1,1,2025-09-06 23:16:35,2025-09-06 23:19:02,P8,0,True
3494477,3494478,2,2,2,2025-09-06 23:24:15,2025-09-06 23:29:19,P8,0,True
3494483,3494483,2,1,1,2025-09-06 23:33:41,2025-09-06 23:38:56,P8,0,True
3494490,3494490,2,1,1,2025-09-06 23:47:33,2025-09-06 23:59:46,P8,0,True
3494496,3494496,1,1,1,2025-09-07 00:05:20,2025-09-07 00:08:02,P8,0,True
3494504,3494504,1,1,1,2025-09-07 00:19:30,2025-09-07 00:21:17,P8,0,True
3494512,3494512,2,1,1,2025-09-07 00:33:34,2025-09-07 00:46:25,P8,0,True
3494533,3494533,2,1,1,2025-09-07 01:37:52,2025-09-07 01:47:56,P8,0,True
3494538,3494545,10,8,8,2025-09-07 01:59:30,2025-09-07 02:22:17,P8,0,True
3494552,3494553,3,2,2,2025-09-07 02:28:59,2025-09-07 02:34:18,P8,0,True
3494558,3494558,1,1,1,2025-09-07 02:36:44,2025-09-07 02:37:30,P8,0,True
3494560,3494560,2,1,1,2025-09-07 02:47:05,2025-09-07 02:52:05,P8,0,True
3494569,3494570,3,2,2,2025-09-07 03:02:43,2025-09-07 03:09:46,P8,0,True
3494576,3494582,9,7,7,2025-09-07 03:14:33,2025-09-07 03:30:13,P8,0,True
3494588,3494588,1,1,1,2025-09-07 03:39:44,2025-09-07 03:48:48,P8,0,True
3494591,3494591,1,1,1,2025-09-07 03:51:46,2025-09-07 03:51:57,P8,0,True
3494594,3494594,2,1,1,2025-09-07 04:06:12,2025-09-07 04:15:35,P8,0,True
3494599,3494599,2,1,1,2025-09-07 04:24:37,2025-09-07 04:27:14,P8,0,True
3494601,3494601,2,1,1,2025-09-07 04:26:40,2025-09-07 04:35:09,P8,0,True
3494603,3494603,1,1,1,2025-09-07 04:33:37,2025-09-07 04:43:36,P8,0,True
3494610,3494610,1,1,1,2025-09-07 04:51:26,2025-09-07 04:53:19,P8,0,True
3494615,3494615,1,1,1,2025-09-07 05:04:50,2025-09-07 05:07:38,P8,0,True
3494623,3494623,1,1,1,2025-09-07 05:18:06,2025-09-07 05:19:42,P8,0,True
3494628,3494631,6,4,4,2025-09-07 05:26:40,2025-09-07 05:46:10,P8,0,True
3494646,3494648,4,3,3,2025-09-07 06:17:56,2025-09-07 06:23:30,P8,0,True
3494650,3494650,1,1,1,2025-09-07 06:21:08,2025-09-07 06:26:04,P8,0,True
3494654,3494654,2,1,1,2025-09-07 06:35:58,2025-09-07 06:44:31,P8,0,True
3494662,3494663,3,2,2,2025-09-07 06:59:47,2025-09-07 07:01:02,P8,0,True
3494683,3494683,1,1,1,2025-09-07 07:49:57,2025-09-07 07:54:16,P8,0,True
3494685,3494686,3,2,2,2025-09-07 07:56:34,2025-09-07 08:01:46,P8,0,True
3494701,3494701,2,1,1,2025-09-07 08:29:09,2025-09-07 08:43:42,P8,0,True
3494706,3494707,3,2,2,2025-09-07 08:48:06,2025-09-07 08:56:11,P8,0,True
3494709,3494711,4,3,3,2025-09-07 08:52:54,2025-09-07 09:02:31,P8,0,True
3494719,3494721,5,3,3,2025-09-07 09:09:13,2025-09-07 09:21:19,P8,0,True
3494724,3494724,1,1,1,2025-09-07 09:15:11,2025-09-07 09:23:03,P8,0,True
3494726,3494727,3,2,2,2025-09-07 09:25:10,2025-09-07 09:37:20,P8,0,True
3494729,3494729,2,1,1,2025-09-07 09:32:36,2025-09-07 09:45:12,P8,0,True
3494736,3494736,1,1,1,2025-09-07 09:53:09,2025-09-07 09:54:53,P8,0,True
3494745,3494745,1,1,1,2025-09-07 10:03:10,2025-09-07 10:03:59,P8,0,True
3494750,3494750,2,1,1,2025-09-07 10:12:38,2025-09-07 10:16:11,P8,0,True
3494772,3494772,2,1,1,2025-09-07 10:53:03,2025-09-07 10:59:02,P8,0,True
3494775,3494775,1,1,1,2025-09-07 10:59:21,2025-09-07 11:00:59,P8,0,True
3494777,3494779,5,3,3,2025-09-07 11:03:02,2025-09-07 11:12:20,P8,0,True
3494783,3494783,2,1,1,2025-09-07 11:12:32,2025-09-07 11:13:17,P8,0,True
3494800,3494800,1,1,1,2025-09-07 11:34:56,2025-09-07 11:35:31,P8,0,True
3494808,3494808,2,1,1,2025-09-07 11:48:06,2025-09-07 11:53:39,P8,0,True
3494888,3494888,1,1,1,2025-09-07 14:13:37,2025-09-07 14:16:16,P8,0,True
3494899,3494899,2,1,1,2025-09-07 14:33:02,2025-09-07 14:35:25,P8,0,True
3494934,3494936,4,3,3,2025-09-07 15:19:33,2025-09-07 15:26:19,P8,0,True
3494940,3494940,1,1,1,2025-09-07 15:29:57,2025-09-07 15:30:23,P8,0,True
3494947,3494947,1,1,1,2025-09-07 15:39:01,2025-09-07 15:43:11,P8,0,True
3494950,3494950,1,1,1,2025-09-07 15:47:38,2025-09-07 15:51:25,P8,0,True
3494963,3494965,4,3,3,2025-09-07 16:16:17,2025-09-07 16:27:48,P8,0,True
3494985,3494985,1,1,1,2025-09-07 17:02:05,2025-09-07 17:08:31,P8,0,True
3494987,3494987,2,1,1,2025-09-07 17:08:53,2025-09-07 17:18:15,P8,0,True
3495006,3495006,1,1,1,2025-09-07 18:00:28,2025-09-07 18:02:54,P8,0,True
3495008,3495008,1,1,1,2025-09-07 18:04:00,2025-09-07 18:07:49,P8,0,True
3495036,3495036,1,1,1,2025-09-07 18:51:18,2025-09-07 18:54:01,P8,0,True
3495055,3495055,1,1,1,2025-09-07 19:22:08,2025-09-07 19:22:34,P8,0,True
3495057,3495057,1,1,1,2025-09-07 19:25:39,2025-09-07 19:27:14,P8,0,True
3495059,3495059,2,1,1,2025-09-07 19:29:48,2025-09-07 19:32:40,P8,0,True
3495061,3495061,2,1,1,2025-09-07 19:31:53,2025-09-07 19:35:37,P8,0,True
3495064,3495064,2,1,1,2025-09-07 19:37:40,2025-09-07 19:38:54,P8,0,True
3495077,3495077,1,1,1,2025-09-07 20:01:26,2025-09-07 20:11:44,P8,0,True
3495086,3495086,2,1,1,2025-09-07 20:23:15,2025-09-07 20:26:07,P8,0,True
3495100,3495100,1,1,1,2025-09-07 20:51:25,2025-09-07 20:52:09,P8,0,True
3495103,3495105,5,3,3,2025-09-07 20:55:51,2025-09-07 21:10:45,P8,0,True
3495115,3495117,4,3,3,2025-09-07 21:34:04,2025-09-07 21:45:23,P8,0,True
3495120,3495121,3,2,2,2025-09-07 21:47:26,2025-09-07 21:55:52,P8,0,True
3495133,3495133,1,1,1,2025-09-07 22:21:13,2025-09-07 22:24:38,P8,0,True
3495136,3495136,2,1,1,2025-09-07 22:25:47,2025-09-07 22:29:56,P8,0,True
3495138,3495138,2,1,1,2025-09-07 22:29:29,2025-09-07 22:31:47,P8,0,True
3495153,3495153,1,1,1,2025-09-07 23:07:26,2025-09-07 23:08:52,P8,0,True
3495161,3495161,1,1,1,2025-09-07 23:20:52,2025-09-07 23:25:53,P8,0,True
3495172,3495172,2,1,1,2025-09-07 23:55:01,2025-09-08 00:01:03,P8,0,True
3495175,3495175,2,1,1,2025-09-08 00:05:53,2025-09-08 00:10:46,P8,0,True
3495188,3495189,3,2,2,2025-09-08 00:36:20,2025-09-08 00:57:33,P8,0,True
3495199,3495199,2,1,1,2025-09-08 01:31:33,2025-09-08 01:33:29,P8,0,True
3495243,3495243,2,1,1,2025-09-08 02:51:29,2025-09-08 02:58:42,P8,0,True
3495245,3495245,2,1,1,2025-09-08 02:58:21,2025-09-08 03:00:40,P8,0,True
3495247,3495247,1,1,1,2025-09-08 02:59:47,2025-09-08 03:03:08,P8,0,True
3495249,3495249,2,1,1,2025-09-08 03:04:27,2025-09-08 03:07:11,P8,0,True
3495251,3495251,3,1,1,2025-09-08 03:07:01,2025-09-08 03:13:42,P8,0,True
3495267,3495267,1,1,1,2025-09-08 03:41:06,2025-09-08 03:46:16,P8,0,True
3495269,3495269,2,1,1,2025-09-08 03:49:22,2025-09-08 03:52:42,P8,0,True
3495273,3495273,2,1,1,2025-09-08 03:55:00,2025-09-08 03:56:21,P8,0,True
3495294,3495294,2,1,1,2025-09-08 04:27:46,2025-09-08 04:32:18,P8,0,True
3495298,3495298,1,1,1,2025-09-08 04:32:43,2025-09-08 04:37:44,P8,0,True
3495329,3495329,1,1,1,2025-09-08 05:14:07,2025-09-08 05:15:21,P8,0,True
3495350,3495350,2,1,1,2025-09-08 06:01:11,2025-09-08 06:03:42,P8,0,True
3495352,3495352,2,1,1,2025-09-08 06:03:25,2025-09-08 06:10:22,P8,0,True
3495411,3495412,3,2,2,2025-09-08 07:55:15,2025-09-08 08:07:26,P8,0,True
3495468,3495468,1,1,1,2025-09-08 10:17:58,2025-09-08 10:22:07,P8,0,True
3495500,3495500,2,1,1,2025-09-08 11:00:45,2025-09-08 11:04:56,P8,0,True
3495507,3495507,2,1,1,2025-09-08 11:10:32,2025-09-08 11:18:13,P8,0,True
3495531,3495531,1,1,1,2025-09-08 11:53:00,2025-09-08 11:55:50,P8,0,True
3495546,3495546,1,1,1,2025-09-08 12:27:14,2025-09-08 12:29:40,P8,0,True
3495554,3495556,5,3,3,2025-09-08 12:40:45,2025-09-08 12:50:04,P8,0,True
3495574,3495576,5,3,3,2025-09-08 13:13:21,2025-09-08 13:24:27,P8,0,True
3495579,3495579,1,1,1,2025-09-08 13:22:59,2025-09-08 13:27:56,P8,0,True
3495584,3495584,1,1,1,2025-09-08 13:31:07,2025-09-08 13:33:47,P8,0,True
3495586,3495586,1,1,1,2025-09-08 13:35:02,2025-09-08 13:37:16,P8,0,True
3495593,3495593,1,1,1,2025-09-08 13:48:01,2025-09-08 13:49:07,P8,0,True
3495598,3495598,1,1,1,2025-09-08 13:53:51,2025-09-08 13:55:58,P8,0,True
3495600,3495600,2,1,1,2025-09-08 13:56:16,2025-09-08 14:10:31,P8,0,True
3495621,3495626,8,6,6,2025-09-08 14:48:29,2025-09-08 15:05:45,P8,0,True
3495633,3495633,1,1,1,2025-09-08 15:08:26,2025-09-08 15:08:30,P8,0,True
3495635,3495635,2,1,1,2025-09-08 15:19:34,2025-09-08 15:33:32,P8,0,True
3495663,3495663,2,1,1,2025-09-08 16:26:40,2025-09-08 16:30:41,P8,0,True
3495680,3495680,2,1,1,2025-09-08 17:05:07,2025-09-08 17:08:45,P8,0,True
3495684,3495684,2,1,1,2025-09-08 17:14:51,2025-09-08 17:20:17,P8,0,True
3495692,3495692,2,1,1,2025-09-08 17:34:31,2025-09-08 17:38:14,P8,0,True
3495713,3495713,2,1,1,2025-09-08 18:09:04,2025-09-08 18:14:12,P8,0,True
3495730,3495730,1,1,1,2025-09-08 18:47:33,2025-09-08 18:48:22,P8,0,True
3495741,3495741,1,1,1,2025-09-08 19:05:34,2025-09-08 19:14:13,P8,0,True
3495743,3495743,1,1,1,2025-09-08 19:18:02,2025-09-08 19:19:21,P8,0,True
3495747,3495747,2,1,1,2025-09-08 19:31:09,2025-09-08 19:35:17,P8,0,True
3495766,3495766,1,1,1,2025-09-08 20:11:56,2025-09-08 20:15:18,P8,0,True
3495778,3495778,1,1,1,2025-09-08 20:39:27,2025-09-08 20:44:07,P8,0,True
3495780,3495780,1,1,1,2025-09-08 20:44:28,2025-09-08 20:45:57,P8,0,True
3495791,3495792,3,2,2,2025-09-08 21:06:08,2025-09-08 21:12:30,P8,0,True
3495806,3495806,1,1,1,2025-09-08 21:24:49,2025-09-08 21:26:49,P8,0,True
3495824,3495824,1,1,1,2025-09-08 22:01:47,2025-09-08 22:05:25,P8,0,True
3495834,3495834,1,1,1,2025-09-08 22:23:01,2025-09-08 22:29:26,P8,0,True
3495837,3495837,1,1,1,2025-09-08 22:31:50,2025-09-08 22:33:39,P8,0,True
3495847,3495847,1,1,1,2025-09-08 22:47:21,2025-09-08 22:49:54,P8,0,True
3495849,3495849,1,1,1,2025-09-08 22:52:58,2025-09-08 22:57:24,P8,0,True
3495853,3495853,1,1,1,2025-09-08 23:00:46,2025-09-08 23:01:09,P8,0,True
3495859,3495859,2,1,1,2025-09-08 23:10:22,2025-09-08 23:14:29,P8,0,True
3495861,3495861,1,1,1,2025-09-08 23:13:39,2025-09-08 23:22:31,P8,0,True
3495884,3495886,4,3,3,2025-09-09 00:08:57,2025-09-09 00:19:30,P8,0,True
3495900,3495900,2,1,1,2025-09-09 00:35:53,2025-09-09 00:38:47,P8,0,True
3495902,3495904,5,3,3,2025-09-09 00:38:36,2025-09-09 00:50:11,P8,0,True
3495953,3495953,2,1,1,2025-09-09 02:06:19,2025-09-09 02:09:44,P8,0,True
3495956,3495956,1,1,1,2025-09-09 02:10:05,2025-09-09 02:15:09,P8,0,True
3495968,3495968,1,1,1,2025-09-09 02:30:34,2025-09-09 02:33:28,P8,0,True
3495978,3495979,2,2,2,2025-09-09 02:50:15,2025-09-09 03:01:23,P8,0,True
3495982,3495982,2,1,1,2025-09-09 03:04:28,2025-09-09 03:09:26,P8,0,True
3495997,3495997,1,1,1,2025-09-09 03:44:28,2025-09-09 03:50:06,P8,0,True
3496001,3496003,4,3,3,2025-09-09 03:57:18,2025-09-09 04:10:34,P8,0,True
3496008,3496008,1,1,1,2025-09-09 04:13:56,2025-09-09 04:16:32,P8,0,True
3496013,3496013,2,1,1,2025-09-09 04:29:11,2025-09-09 04:38:32,P8,0,True
3496029,3496029,2,1,1,2025-09-09 05:09:51,2025-09-09 05:14:32,P8,0,True
3496032,3496032,1,1,1,2025-09-09 05:19:40,2025-09-09 05:21:46,P8,0,True
3496052,3496052,2,1,1,2025-09-09 05:44:34,2025-09-09 05:54:36,P8,0,True
3496054,3496054,1,1,1,2025-09-09 05:54:27,2025-09-09 05:58:33,P8,0,True
3496079,3496079,1,1,1,2025-09-09 06:45:05,2025-09-09 06:47:25,P8,0,True
3496099,3496099,1,1,1,2025-09-09 07:19:45,2025-09-09 07:21:16,P8,0,True
3496109,3496109,1,1,1,2025-09-09 07:37:02,2025-09-09 07:38:36,P8,0,True
3496114,3496114,2,1,1,2025-09-09 07:47:36,2025-09-09 07:50:40,P8,0,True
3496121,3496121,1,1,1,2025-09-09 07:57:33,2025-09-09 08:01:08,P8,0,True
3496123,3496123,2,1,1,2025-09-09 08:02:33,2025-09-09 08:07:11,P8,0,True
3496125,3496125,1,1,1,2025-09-09 08:06:20,2025-09-09 08:10:19,P8,0,True
3496131,3496131,1,1,1,2025-09-09 08:16:46,2025-09-09 08:19:09,P8,0,True
3496141,3496141,1,1,1,2025-09-09 08:33:20,2025-09-09 08:35:33,P8,0,True
3496146,3496146,1,1,1,2025-09-09 08:37:29,2025-09-09 08:37:46,P8,0,True
3496150,3496153,6,4,4,2025-09-09 08:44:33,2025-09-09 08:58:12,P8,0,True
3496157,3496157,1,1,1,2025-09-09 08:58:32,2025-09-09 08:58:36,P8,0,True
3496170,3496170,1,1,1,2025-09-09 09:25:25,2025-09-09 09:30:20,P8,0,True
3496183,3496183,2,1,1,2025-09-09 10:06:58,2025-09-09 10:19:35,P8,0,True
3496185,3496186,3,2,2,2025-09-09 10:07:48,2025-09-09 10:30:37,P8,0,True
3496188,3496190,3,3,3,2025-09-09 10:26:41,2025-09-09 10:34:01,P8,0,True
3496194,3496194,1,1,1,2025-09-09 10:40:16,2025-09-09 10:42:04,P8,0,True
3496198,3496198,2,1,1,2025-09-09 10:43:45,2025-09-09 10:51:43,P8,0,True
3496206,3496206,2,1,1,2025-09-09 11:00:55,2025-09-09 11:03:59,P8,0,True
3496215,3496216,3,2,2,2025-09-09 11:11:59,2025-09-09 11:23:59,P8,0,True
3496218,3496219,2,2,2,2025-09-09 11:19:53,2025-09-09 11:28:29,P8,0,True
3496224,3496224,1,1,1,2025-09-09 11:33:38,2025-09-09 11:34:22,P8,0,True
3496229,3496229,1,1,1,2025-09-09 11:39:39,2025-09-09 11:40:35,P8,0,True
3496243,3496243,1,1,1,2025-09-09 12:05:25,2025-09-09 12:07:27,P8,0,True
3496245,3496245,1,1,1,2025-09-09 12:07:31,2025-09-09 12:07:55,P8,0,True
3496250,3496250,2,1,1,2025-09-09 12:11:13,2025-09-09 12:14:57,P8,0,True
3496254,3496254,2,1,1,2025-09-09 12:17:37,2025-09-09 12:23:21,P8,0,True
3496256,3496256,2,1,1,2025-09-09 12:23:04,2025-09-09 12:24:51,P8,0,True
3496322,3496323,3,2,2,2025-09-09 14:25:27,2025-09-09 14:31:14,P8,0,True
3496325,3496327,5,3,3,2025-09-09 14:28:39,2025-09-09 14:36:06,P8,0,True
3496345,3496345,1,1,1,2025-09-09 15:04:50,2025-09-09 15:07:40,P8,0,True
3496351,3496351,1,1,1,2025-09-09 15:10:27,2025-09-09 15:13:38,P8,0,True
3496373,3496373,2,1,1,2025-09-09 16:01:44,2025-09-09 16:02:58,P8,0,True
3496416,3496416,1,1,1,2025-09-09 17:14:02,2025-09-09 17:17:04,P8,0,True
3496465,3496465,2,1,1,2025-09-09 18:48:16,2025-09-09 18:54:22,P8,0,True
3496494,3496494,2,1,1,2025-09-09 19:35:35,2025-09-09 19:40:01,P8,0,True
3496496,3496496,2,1,1,2025-09-09 19:39:37,2025-09-09 19:46:25,P8,0,True
3496518,3496518,1,1,1,2025-09-09 20:19:00,2025-09-09 20:22:58,P8,0,True
3496522,3496522,1,1,1,2025-09-09 20:25:26,2025-09-09 20:26:06,P8,0,True
3496538,3496540,5,3,3,2025-09-09 20:55:43,2025-09-09 21:10:38,P8,0,True
3496566,3496566,2,1,1,2025-09-09 21:50:36,2025-09-09 21:55:11,P8,0,True
3496582,3496582,1,1,1,2025-09-09 22:28:42,2025-09-09 22:29:40,P8,0,True
3496602,3496602,2,1,1,2025-09-09 23:11:33,2025-09-09 23:15:30,P8,0,True
3496619,3496619,2,1,1,2025-09-09 23:47:03,2025-09-09 23:51:26,P8,0,True
3496622,3496622,2,1,1,2025-09-09 23:52:17,2025-09-09 23:57:49,P8,0,True
3496636,3496636,1,1,1,2025-09-10 00:30:06,2025-09-10 00:40:46,P8,0,True
3496638,3496639,3,2,2,2025-09-10 00:41:42,2025-09-10 00:44:05,P8,0,True
3496669,3496670,3,2,2,2025-09-10 01:56:25,2025-09-10 02:08:56,P8,0,True
3496679,3496679,1,1,1,2025-09-10 02:29:27,2025-09-10 02:36:36,P8,0,True
3496682,3496683,3,2,2,2025-09-10 02:44:08,2025-09-10 02:51:28,P8,0,True
3496700,3496701,2,2,2,2025-09-10 03:19:45,2025-09-10 03:23:04,P8,0,True
3496707,3496707,1,1,1,2025-09-10 03:32:51,2025-09-10 03:34:40,P8,0,True
3496728,3496728,1,1,1,2025-09-10 04:03:45,2025-09-10 04:04:03,P8,0,True
3496758,3496759,2,2,2,2025-09-10 04:52:12,2025-09-10 05:03:25,P8,0,True
3496769,3496770,3,2,2,2025-09-10 05:20:41,2025-09-10 05:35:40,P8,0,True
3496787,3496787,2,1,1,2025-09-10 06:20:37,2025-09-10 06:29:52,P8,0,True
3496801,3496801,1,1,1,2025-09-10 06:54:31,2025-09-10 06:56:24,P8,0,True
3496806,3496806,1,1,1,2025-09-10 07:02:36,2025-09-10 07:03:28,P8,0,True
3496809,3496809,1,1,1,2025-09-10 07:12:36,2025-09-10 07:14:43,P8,0,True
3496826,3496826,1,1,1,2025-09-10 07:54:33,2025-09-10 07:55:22,P8,0,True
3496874,3496874,2,1,1,2025-09-10 09:09:41,2025-09-10 09:12:18,P8,0,True
3496894,3496894,2,1,1,2025-09-10 09:52:05,2025-09-10 09:55:02,P8,0,True
3496897,3496897,2,1,1,2025-09-10 09:57:32,2025-09-10 10:02:28,P8,0,True
3496916,3496916,3,1,1,2025-09-10 10:43:29,2025-09-10 10:49:04,P8,0,True
3496924,3496924,2,1,1,2025-09-10 11:07:46,2025-09-10 11:16:10,P8,0,True
3496955,3496955,2,1,1,2025-09-10 12:27:41,2025-09-10 12:32:30,P8,0,True
3496958,3496959,4,2,2,2025-09-10 12:37:17,2025-09-10 12:41:57,P8,0,True
3496977,3496978,2,2,2,2025-09-10 13:19:12,2025-09-10 13:25:22,P8,0,True
3496983,3496983,1,1,1,2025-09-10 13:31:45,2025-09-10 13:35:05,P8,0,True
3496985,3496985,1,1,1,2025-09-10 13:35:53,2025-09-10 13:36:04,P8,0,True
3497005,3497005,1,1,1,2025-09-10 14:13:05,2025-09-10 14:14:57,P8,0,True
3497008,3497008,2,1,1,2025-09-10 14:20:07,2025-09-10 14:26:11,P8,0,True
3497022,3497022,2,1,1,2025-09-10 15:04:55,2025-09-10 15:08:20,P8,0,True
3497039,3497039,2,1,1,2025-09-10 15:30:24,2025-09-10 15:35:56,P8,0,True
3497083,3497083,2,1,1,2025-09-10 16:57:37,2025-09-10 17:02:32,P8,0,True
3497110,3497110,1,1,1,2025-09-10 17:57:45,2025-09-10 18:02:18,P8,0,True
3497170,3497170,2,1,1,2025-09-10 20:01:13,2025-09-10 20:08:44,P8,0,True
3497172,3497172,1,1,1,2025-09-10 20:04:27,2025-09-10 20:10:34,P8,0,True
3497185,3497185,2,1,1,2025-09-10 20:34:21,2025-09-10 20:40:46,P8,0,True
3497191,3497191,1,1,1,2025-09-10 20:43:34,2025-09-10 20:46:53,P8,0,True
3497217,3497217,2,1,1,2025-09-10 21:24:37,2025-09-10 21:25:40,P8,0,True
3497258,3497258,1,1,1,2025-09-10 22:48:13,2025-09-10 22:51:42,P8,0,True
3497274,3497274,2,1,1,2025-09-10 23:29:59,2025-09-10 23:32:03,P8,0,True
3497281,3497281,2,1,1,2025-09-10 23:41:03,2025-09-10 23:42:16,P8,0,True
3497328,3497329,3,2,2,2025-09-11 00:57:47,2025-09-11 01:06:05,P8,0,True
3497344,3497344,1,1,1,2025-09-11 01:33:31,2025-09-11 01:38:40,P8,0,True
3497365,3497365,2,1,1,2025-09-11 02:21:15,2025-09-11 02:24:08,P8,0,True
3497367,3497367,1,1,1,2025-09-11 02:24:05,2025-09-11 02:26:48,P8,0,True
3497369,3497369,2,1,1,2025-09-11 02:27:20,2025-09-11 02:35:07,P8,0,True
3497393,3497393,2,1,1,2025-09-11 03:31:08,2025-09-11 03:41:14,P8,0,True
3497398,3497398,1,1,1,2025-09-11 03:45:41,2025-09-11 03:45:46,P8,0,True
3497424,3497424,2,1,1,2025-09-11 04:24:33,2025-09-11 04:27:01,P8,0,True
3497427,3497427,2,1,1,2025-09-11 04:27:56,2025-09-11 04:30:51,P8,0,True
3497492,3497492,1,1,1,2025-09-11 06:21:37,2025-09-11 06:23:42,P8,0,True
3497518,3497518,2,1,1,2025-09-11 06:53:34,2025-09-11 06:56:29,P8,0,True
3497538,3497538,1,1,1,2025-09-11 07:28:34,2025-09-11 07:32:45,P8,0,True
3497540,3497540,1,1,1,2025-09-11 07:33:26,2025-09-11 07:33:31,P8,0,True
3497547,3497547,1,1,1,2025-09-11 07:49:38,2025-09-11 07:50:07,P8,0,True
3497549,3497549,1,1,1,2025-09-11 07:53:02,2025-09-11 07:53:40,P8,0,True
3497570,3497570,1,1,1,2025-09-11 08:27:16,2025-09-11 08:29:05,P8,0,True
3497572,3497573,2,2,2,2025-09-11 08:33:03,2025-09-11 08:39:09,P8,0,True
3497587,3497589,5,3,3,2025-09-11 08:50:15,2025-09-11 08:56:15,P8,0,True
3497596,3497598,4,3,3,2025-09-11 09:02:20,2025-09-11 09:16:25,P8,0,True
3497602,3497602,2,1,1,2025-09-11 09:17:08,2025-09-11 09:25:25,P8,0,True
3497621,3497626,7,6,6,2025-09-11 09:58:27,2025-09-11 10:15:34,P8,0,True
3497638,3497640,5,3,3,2025-09-11 10:34:11,2025-09-11 10:40:25,P8,0,True
3497645,3497645,2,1,1,2025-09-11 10:44:18,2025-09-11 10:47:11,P8,0,True
3497651,3497651,2,1,1,2025-09-11 10:55:46,2025-09-11 10:58:51,P8,0,True
3497660,3497660,1,1,1,2025-09-11 11:05:40,2025-09-11 11:07:42,P8,0,True
3497676,3497678,4,3,3,2025-09-11 11:29:30,2025-09-11 11:45:12,P8,0,True
3497682,3497683,3,2,2,2025-09-11 11:54:48,2025-09-11 12:02:15,P8,0,True
3497688,3497689,3,2,2,2025-09-11 12:06:16,2025-09-11 12:13:40,P8,0,True
3497692,3497692,1,1,1,2025-09-11 12:16:06,2025-09-11 12:18:06,P8,0,True
3497694,3497694,1,1,1,2025-09-11 12:19:42,2025-09-11 12:24:00,P8,0,True
3497696,3497696,1,1,1,2025-09-11 12:24:28,2025-09-11 12:30:18,P8,0,True
3497721,3497723,4,3,3,2025-09-11 13:10:38,2025-09-11 13:22:41,P8,0,True
3497725,3497728,5,4,4,2025-09-11 13:19:54,2025-09-11 13:37:42,P8,0,True
3497740,3497740,1,1,1,2025-09-11 13:53:36,2025-09-11 13:58:57,P8,0,True
3497753,3497753,1,1,1,2025-09-11 14:12:09,2025-09-11 14:13:40,P8,0,True
3497762,3497762,1,1,1,2025-09-11 14:29:27,2025-09-11 14:31:45,P8,0,True
3497769,3497769,2,1,1,2025-09-11 14:38:58,2025-09-11 14:44:55,P8,0,True
3497781,3497781,1,1,1,2025-09-11 15:09:16,2025-09-11 15:09:17,P8,0,True
3497797,3497797,1,1,1,2025-09-11 15:36:23,2025-09-11 15:43:57,P8,0,True
3497817,3497817,1,1,1,2025-09-11 16:05:33,2025-09-11 16:07:13,P8,0,True
3497829,3497829,2,1,1,2025-09-11 16:27:12,2025-09-11 16:31:16,P8,0,True
3497873,3497874,3,2,2,2025-09-11 17:42:30,2025-09-11 17:51:09,P8,0,True
3497882,3497882,1,1,1,2025-09-11 18:11:49,2025-09-11 18:16:32,P8,0,True
3497895,3497895,2,1,1,2025-09-11 18:36:05,2025-09-11 18:39:17,P8,0,True
3497900,3497900,1,1,1,2025-09-11 18:49:38,2025-09-11 18:51:26,P8,0,True
3497906,3497906,2,1,1,2025-09-11 19:00:11,2025-09-11 19:02:43,P8,0,True
3497908,3497908,2,1,1,2025-09-11 19:02:14,2025-09-11 19:07:53,P8,0,True
3497918,3497919,3,2,2,2025-09-11 19:21:22,2025-09-11 19:27:02,P8,0,True
3497930,3497930,1,1,1,2025-09-11 19:55:20,2025-09-11 19:55:52,P8,0,True
3497941,3497941,1,1,1,2025-09-11 20:20:14,2025-09-11 20:22:20,P8,0,True
3497943,3497943,1,1,1,2025-09-11 20:22:58,2025-09-11 20:24:17,P8,0,True
3497948,3497949,3,2,2,2025-09-11 20:37:45,2025-09-11 20:43:04,P8,0,True
3497960,3497962,5,3,3,2025-09-11 21:01:01,2025-09-11 21:12:16,P8,0,True
3497967,3497967,1,1,1,2025-09-11 21:14:55,2025-09-11 21:17:05,P8,0,True
3497975,3497975,1,1,1,2025-09-11 21:27:15,2025-09-11 21:27:16,P8,0,True
3497977,3497977,1,1,1,2025-09-11 21:35:54,2025-09-11 21:36:48,P8,0,True
3497979,3497979,1,1,1,2025-09-11 21:37:12,2025-09-11 21:39:39,P8,0,True
3497981,3497981,1,1,1,2025-09-11 21:40:41,2025-09-11 21:43:25,P8,0,True
3497983,3497983,1,1,1,2025-09-11 21:45:10,2025-09-11 21:45:23,P8,0,True
3498000,3498001,2,2,2,2025-09-11 22:22:29,2025-09-11 22:28:31,P8,0,True
3498023,3498023,1,1,1,2025-09-11 23:09:57,2025-09-11 23:13:45,P8,0,True
3498025,3498025,2,1,1,2025-09-11 23:15:22,2025-09-11 23:20:10,P8,0,True
3498028,3498028,1,1,1,2025-09-11 23:20:32,2025-09-11 23:22:00,P8,0,True
3498030,3498030,1,1,1,2025-09-11 23:24:19,2025-09-11 23:27:34,P8,0,True
3498035,3498037,5,3,3,2025-09-11 23:37:46,2025-09-11 23:45:12,P8,0,True
3498043,3498044,2,2,2,2025-09-11 23:55:53,2025-09-12 00:00:09,P8,0,True
3498055,3498055,2,1,1,2025-09-12 00:14:13,2025-09-12 00:19:41,P8,0,True
3498068,3498068,2,1,1,2025-09-12 00:43:01,2025-09-12 00:47:37,P8,0,True
3498083,3498083,1,1,1,2025-09-12 01:07:46,2025-09-12 01:07:47,P8,0,True
3498088,3498088,2,1,1,2025-09-12 01:15:27,2025-09-12 01:25:37,P8,0,True
3498107,3498107,2,1,1,2025-09-12 01:51:44,2025-09-12 01:55:00,P8,0,True
3498109,3498109,2,1,1,2025-09-12 01:54:33,2025-09-12 01:56:07,P8,0,True
3498118,3498118,1,1,1,2025-09-12 02:09:25,2025-09-12 02:11:20,P8,0,True
3498123,3498123,1,1,1,2025-09-12 02:14:52,2025-09-12 02:18:50,P8,0,True
3498126,3498126,1,1,1,2025-09-12 02:23:27,2025-09-12 02:24:44,P8,0,True
3498138,3498138,1,1,1,2025-09-12 02:49:27,2025-09-12 02:51:04,P8,0,True
3498140,3498140,1,1,1,2025-09-12 02:52:35,2025-09-12 03:00:47,P8,0,True
3498144,3498144,1,1,1,2025-09-12 03:05:20,2025-09-12 03:10:46,P8,0,True
3498162,3498162,1,1,1,2025-09-12 03:53:33,2025-09-12 04:01:01,P8,0,True
3498165,3498165,2,1,1,2025-09-12 04:07:50,2025-09-12 04:11:12,P8,0,True
3498173,3498174,3,2,2,2025-09-12 04:23:16,2025-09-12 04:35:01,P8,0,True
3498178,3498178,2,1,1,2025-09-12 04:37:12,2025-09-12 04:41:45,P8,0,True
3498185,3498185,1,1,1,2025-09-12 04:54:38,2025-09-12 04:55:53,P8,0,True
3498200,3498200,2,1,1,2025-09-12 05:20:13,2025-09-12 05:24:15,P8,0,True
3498205,3498206,3,2,2,2025-09-12 05:28:39,2025-09-12 05:37:48,P8,0,True
3498209,3498209,1,1,1,2025-09-12 05:39:34,2025-09-12 05:42:41,P8,0,True
3498212,3498212,1,1,1,2025-09-12 05:46:43,2025-09-12 05:49:22,P8,0,True
3498214,3498216,4,3,3,2025-09-12 05:51:30,2025-09-12 06:01:45,P8,0,True
3498218,3498218,1,1,1,2025-09-12 05:55:58,2025-09-12 06:07:33,P8,0,True
3498222,3498222,1,1,1,2025-09-12 06:13:49,2025-09-12 06:19:06,P8,0,True
3498237,3498237,2,1,1,2025-09-12 06:49:01,2025-09-12 06:51:36,P8,0,True
3498239,3498239,2,1,1,2025-09-12 06:50:34,2025-09-12 06:56:37,P8,0,True
3498245,3498245,1,1,1,2025-09-12 07:02:42,2025-09-12 07:08:44,P8,0,True
3498249,3498249,1,1,1,2025-09-12 07:14:45,2025-09-12 07:19:41,P8,0,True
3498257,3498258,3,2,2,2025-09-12 07:43:29,2025-09-12 07:48:34,P8,0,True
3498272,3498272,2,1,1,2025-09-12 08:03:09,2025-09-12 08:07:33,P8,0,True
3498276,3498276,1,1,1,2025-09-12 08:11:20,2025-09-12 08:13:30,P8,0,True
3498280,3498280,2,1,1,2025-09-12 08:15:11,2025-09-12 08:18:30,P8,0,True
3498294,3498295,3,2,2,2025-09-12 08:50:16,2025-09-12 08:54:04,P8,0,True
3498330,3498330,2,1,1,2025-09-12 09:57:26,2025-09-12 10:04:50,P8,0,True
3498337,3498337,1,1,1,2025-09-12 10:14:51,2025-09-12 10:15:06,P8,0,True
3498343,3498345,5,3,3,2025-09-12 10:24:43,2025-09-12 10:35:27,P8,0,True
3498369,3498369,1,1,1,2025-09-12 11:07:13,2025-09-12 11:07:35,P8,0,True
3498383,3498383,1,1,1,2025-09-12 11:33:02,2025-09-12 11:33:24,P8,0,True
3498388,3498388,1,1,1,2025-09-12 11:40:06,2025-09-12 11:44:11,P8,0,True
3498395,3498395,2,1,1,2025-09-12 11:50:18,2025-09-12 11:53:07,P8,0,True
3498400,3498400,1,1,1,2025-09-12 11:56:05,2025-09-12 12:03:01,P8,0,True
3498402,3498402,1,1,1,2025-09-12 12:05:51,2025-09-12 12:05:55,P8,0,True
3498404,3498404,2,1,1,2025-09-12 12:07:24,2025-09-12 12:12:23,P8,0,True
3498417,3498418,2,2,2,2025-09-12 12:41:18,2025-09-12 12:48:14,P8,0,True
3498439,3498439,1,1,1,2025-09-12 13:27:16,2025-09-12 13:28:32,P8,0,True
3498463,3498463,1,1,1,2025-09-12 14:06:31,2025-09-12 14:09:10,P8,0,True
3498466,3498466,2,1,1,2025-09-12 14:10:41,2025-09-12 14:15:41,P8,0,True
3498490,3498491,3,2,2,2025-09-12 14:58:01,2025-09-12 15:04:37,P8,0,True
3498494,3498494,1,1,1,2025-09-12 15:05:24,2025-09-12 15:08:51,P8,0,True
3498508,3498508,1,1,1,2025-09-12 15:42:05,2025-09-12 15:43:44,P8,0,True
3498522,3498524,5,3,3,2025-09-12 16:20:14,2025-09-12 16:30:44,P8,0,True
3498540,3498540,1,1,1,2025-09-12 17:04:46,2025-09-12 17:05:15,P8,0,True
3498583,3498583,2,1,1,2025-09-12 18:25:39,2025-09-12 18:30:28,P8,0,True
3498591,3498591,2,1,1,2025-09-12 18:38:46,2025-09-12 18:41:55,P8,0,True
3498593,3498593,1,1,1,2025-09-12 18:41:38,2025-09-12 18:44:17,P8,0,True
3498600,3498600,1,1,1,2025-09-12 19:00:02,2025-09-12 19:12:39,P8,0,True
3498607,3498607,1,1,1,2025-09-12 19:26:00,2025-09-12 19:28:35,P8,0,True
3498637,3498637,2,1,1,2025-09-12 20:10:42,2025-09-12 20:15:45,P8,0,True
3498654,3498654,1,1,1,2025-09-12 20:42:56,2025-09-12 20:45:33,P8,0,True
3498657,3498658,2,2,2,2025-09-12 20:49:03,2025-09-12 20:53:09,P8,0,True
3498678,3498678,2,1,1,2025-09-12 21:26:08,2025-09-12 21:29:59,P8,0,True
3498681,3498682,3,2,2,2025-09-12 21:30:07,2025-09-12 21:40:42,P8,0,True
3498710,3498712,4,3,3,2025-09-12 22:48:27,2025-09-12 22:56:45,P8,0,True
3498718,3498718,2,1,1,2025-09-12 23:02:13,2025-09-12 23:07:56,P8,0,True
3498738,3498739,4,2,2,2025-09-12 23:37:07,2025-09-12 23:53:23,P8,0,True
3498752,3498755,7,4,4,2025-09-13 00:13:19,2025-09-13 00:36:51,P8,0,True
3498779,3498779,1,1,1,2025-09-13 01:07:24,2025-09-13 01:09:03,P8,0,True
3498783,3498783,1,1,1,2025-09-13 01:12:37,2025-09-13 01:14:03,P8,0,True
3498831,3498831,1,1,1,2025-09-13 02:26:30,2025-09-13 02:26:46,P8,0,True
3498835,3498836,3,2,2,2025-09-13 02:38:36,2025-09-13 02:42:44,P8,0,True
3498849,3498849,2,1,1,2025-09-13 02:59:05,2025-09-13 03:20:15,P8,0,True
3498894,3498894,2,1,1,2025-09-13 04:53:59,2025-09-13 04:58:44,P8,0,True
3498904,3498904,2,1,1,2025-09-13 05:19:10,2025-09-13 05:25:05,P8,0,True
3498907,3498907,1,1,1,2025-09-13 05:28:58,2025-09-13 05:33:35,P8,0,True
3498928,3498928,2,1,1,2025-09-13 06:07:09,2025-09-13 06:09:14,P8,0,True
3498930,3498930,1,1,1,2025-09-13 06:09:08,2025-09-13 06:12:16,P8,0,True
3498952,3498952,1,1,1,2025-09-13 06:51:01,2025-09-13 06:52:43,P8,0,True
3498954,3498954,2,1,1,2025-09-13 06:54:38,2025-09-13 07:02:32,P8,0,True
3498956,3498956,1,1,1,2025-09-13 06:58:05,2025-09-13 07:03:24,P8,0,True
3498958,3498958,1,1,1,2025-09-13 07:04:15,2025-09-13 07:06:43,P8,0,True
3498973,3498973,1,1,1,2025-09-13 07:37:43,2025-09-13 07:38:56,P8,0,True
3498980,3498980,1,1,1,2025-09-13 07:45:31,2025-09-13 07:48:23,P8,0,True
3498995,3498995,2,1,1,2025-09-13 08:15:42,2025-09-13 08:21:31,P8,0,True
3499047,3499047,1,1,1,2025-09-13 09:48:44,2025-09-13 09:52:51,P8,0,True
3499079,3499080,3,2,2,2025-09-13 10:41:46,2025-09-13 10:47:10,P8,0,True
3499095,3499095,1,1,1,2025-09-13 11:18:18,2025-09-13 11:23:47,P8,0,True
3499122,3499122,2,1,1,2025-09-13 12:20:08,2025-09-13 12:25:58,P8,0,True
3499124,3499124,1,1,1,2025-09-13 12:23:16,2025-09-13 12:29:11,P8,0,True
3499145,3499145,2,1,1,2025-09-13 12:54:56,2025-09-13 13:01:04,P8,0,True
3499147,3499147,1,1,1,2025-09-13 12:59:19,2025-09-13 13:02:49,P8,0,True
3499157,3499157,1,1,1,2025-09-13 13:17:07,2025-09-13 13:21:06,P8,0,True
3499175,3499175,1,1,1,2025-09-13 13:41:35,2025-09-13 13:42:31,P8,0,True
3499181,3499181,1,1,1,2025-09-13 13:51:24,2025-09-13 13:56:14,P8,0,True
3499186,3499186,1,1,1,2025-09-13 13:59:28,2025-09-13 14:02:13,P8,0,True
3499196,3499196,1,1,1,2025-09-13 14:16:41,2025-09-13 14:19:52,P8,0,True
3499205,3499205,2,1,1,2025-09-13 14:37:29,2025-09-13 14:41:28,P8,0,True
3499208,3499208,1,1,1,2025-09-13 14:42:34,2025-09-13 14:42:37,P8,0,True
3499214,3499215,3,2,2,2025-09-13 15:03:58,2025-09-13 15:07:05,P8,0,True
3499220,3499222,5,3,3,2025-09-13 15:11:09,2025-09-13 15:25:58,P8,0,True
3499232,3499232,1,1,1,2025-09-13 15:32:36,2025-09-13 15:34:55,P8,0,True
3499238,3499238,1,1,1,2025-09-13 15:49:21,2025-09-13 15:50:15,P8,0,True
3499240,3499241,3,2,2,2025-09-13 15:53:43,2025-09-13 15:59:14,P8,0,True
3499244,3499244,1,1,1,2025-09-13 16:01:12,2025-09-13 16:01:49,P8,0,True
3499247,3499247,2,1,1,2025-09-13 16:13:23,2025-09-13 16:17:32,P8,0,True
3499249,3499249,2,1,1,2025-09-13 16:15:07,2025-09-13 16:20:00,P8,0,True
3499255,3499262,10,8,8,2025-09-13 16:25:40,2025-09-13 16:44:02,P8,0,True
3499273,3499273,1,1,1,2025-09-13 16:53:27,2025-09-13 16:55:28,P8,0,True
3499280,3499280,1,1,1,2025-09-13 16:59:22,2025-09-13 17:01:05,P8,0,True
3499305,3499305,2,1,1,2025-09-13 17:34:33,2025-09-13 17:35:42,P8,0,True
3499319,3499323,6,5,5,2025-09-13 17:56:09,2025-09-13 18:11:59,P8,0,True
3499325,3499325,1,1,1,2025-09-13 18:06:04,2025-09-13 18:12:30,P8,0,True
3499336,3499336,2,1,1,2025-09-13 18:33:49,2025-09-13 18:43:34,P8,0,True
3499340,3499342,4,3,3,2025-09-13 18:50:40,2025-09-13 18:58:23,P8,0,True
3499352,3499352,1,1,1,2025-09-13 19:15:00,2025-09-13 19:16:17,P8,0,True
3499355,3499355,1,1,1,2025-09-13 19:17:39,2025-09-13 19:21:04,P8,0,True
3499367,3499367,2,1,1,2025-09-13 19:40:27,2025-09-13 19:42:38,P8,0,True
3499371,3499371,2,1,1,2025-09-13 19:45:44,2025-09-13 19:56:07,P8,0,True
3499387,3499387,1,1,1,2025-09-13 20:28:15,2025-09-13 20:30:29,P8,0,True
3499396,3499396,1,1,1,2025-09-13 20:48:54,2025-09-13 20:54:20,P8,0,True
3499409,3499409,1,1,1,2025-09-13 21:11:19,2025-09-13 21:14:00,P8,0,True
3499412,3499412,1,1,1,2025-09-13 21:16:16,2025-09-13 21:22:53,P8,0,True
3499420,3499420,1,1,1,2025-09-13 21:35:05,2025-09-13 21:36:21,P8,0,True
3499422,3499422,2,1,1,2025-09-13 21:39:30,2025-09-13 21:45:27,P8,0,True
3499427,3499427,1,1,1,2025-09-13 21:49:02,2025-09-13 21:50:16,P8,0,True
3499435,3499435,1,1,1,2025-09-13 22:04:21,2025-09-13 22:07:55,P8,0,True
3499446,3499446,2,1,1,2025-09-13 22:22:08,2025-09-13 22:25:42,P8,0,True
3499456,3499456,2,1,1,2025-09-13 22:36:45,2025-09-13 22:40:57,P8,0,True
3499458,3499458,1,1,1,2025-09-13 22:37:52,2025-09-13 22:44:28,P8,0,True
3499460,3499460,2,1,1,2025-09-13 22:46:02,2025-09-13 22:49:28,P8,0,True
3499470,3499470,1,1,1,2025-09-13 23:01:24,2025-09-13 23:03:00,P8,0,True
3499474,3499477,6,4,4,2025-09-13 23:08:29,2025-09-13 23:18:28,P8,0,True
3499484,3499484,1,1,1,2025-09-13 23:33:18,2025-09-13 23:38:39,P8,0,True
3499502,3499502,1,1,1,2025-09-14 00:05:18,2025-09-14 00:06:44,P8,0,True
3499505,3499506,3,2,2,2025-09-14 00:08:41,2025-09-14 00:12:24,P8,0,True
3499508,3499508,1,1,1,2025-09-14 00:11:59,2025-09-14 00:15:28,P8,0,True
3499515,3499515,2,1,1,2025-09-14 00:20:16,2025-09-14 00:23:39,P8,0,True
3499517,3499517,1,1,1,2025-09-14 00:22:14,2025-09-14 00:25:19,P8,0,True
3499527,3499527,1,1,1,2025-09-14 00:42:16,2025-09-14 00:44:33,P8,0,True
3499529,3499529,1,1,1,2025-09-14 00:48:13,2025-09-14 01:04:43,P8,0,True
3499531,3499531,1,1,1,2025-09-14 01:07:13,2025-09-14 01:07:34,P8,0,True
3499534,3499534,1,1,1,2025-09-14 01:10:36,2025-09-14 01:12:11,P8,0,True
3499548,3499548,1,1,1,2025-09-14 01:36:06,2025-09-14 01:37:28,P8,0,True
3499598,3499599,2,2,2,2025-09-14 03:00:40,2025-09-14 03:03:24,P8,0,True
3499607,3499607,2,1,1,2025-09-14 03:21:09,2025-09-14 03:28:15,P8,0,True
3499613,3499613,2,1,1,2025-09-14 03:33:34,2025-09-14 03:37:30,P8,0,True
3499621,3499621,1,1,1,2025-09-14 03:49:05,2025-09-14 03:49:11,P8,0,True
3499623,3499623,1,1,1,2025-09-14 03:50:15,2025-09-14 03:53:41,P8,0,True
3499631,3499631,1,1,1,2025-09-14 04:06:59,2025-09-14 04:09:09,P8,0,True
3499637,3499639,4,3,3,2025-09-14 04:19:15,2025-09-14 04:30:34,P8,0,True
3499645,3499648,6,4,4,2025-09-14 04:34:18,2025-09-14 04:52:29,P8,0,True
3499656,3499656,2,1,1,2025-09-14 05:00:51,2025-09-14 05:06:42,P8,0,True
3499659,3499676,20,18,18,2025-09-14 05:08:40,2025-09-14 06:20:45,P8,0,True
3499692,3499692,2,1,1,2025-09-14 06:52:01,2025-09-14 07:00:13,P8,0,True
3499706,3499706,1,1,1,2025-09-14 07:16:35,2025-09-14 07:19:05,P8,0,True
3499711,3499711,1,1,1,2025-09-14 07:25:21,2025-09-14 07:26:58,P8,0,True
3499713,3499713,1,1,1,2025-09-14 07:30:24,2025-09-14 07:32:07,P8,0,True
3499748,3499750,5,3,3,2025-09-14 08:27:10,2025-09-14 08:34:14,P8,0,True
3499790,3499790,1,1,1,2025-09-14 09:44:30,2025-09-14 09:46:50,P8,0,True
3499804,3499804,2,1,1,2025-09-14 10:01:12,2025-09-14 10:13:01,P8,0,True
3499815,3499816,2,2,2,2025-09-14 10:22:17,2025-09-14 10:26:30,P8,0,True
3499818,3499818,2,1,1,2025-09-14 10:27:45,2025-09-14 10:31:26,P8,0,True
3499832,3499832,2,1,1,2025-09-14 10:49:28,2025-09-14 10:53:41,P8,0,True
3499840,3499840,1,1,1,2025-09-14 10:57:12,2025-09-14 10:57:58,P8,0,True
3499843,3499845,5,3,3,2025-09-14 11:02:03,2025-09-14 11:16:56,P8,0,True
3499849,3499849,2,1,1,2025-09-14 11:17:25,2025-09-14 11:24:21,P8,0,True
3499851,3499853,4,3,3,2025-09-14 11:24:16,2025-09-14 11:40:27,P8,0,True
3499879,3499879,1,1,1,2025-09-14 12:16:04,2025-09-14 12:18:31,P8,0,True
3499941,3499941,1,1,1,2025-09-14 14:25:36,2025-09-14 14:28:37,P8,0,True
3499958,3499958,1,1,1,2025-09-14 15:03:54,2025-09-14 15:05:10,P8,0,True
3499975,3499975,2,1,1,2025-09-14 15:51:40,2025-09-14 15:54:43,P8,0,True
3500014,3500014,1,1,1,2025-09-14 17:24:29,2025-09-14 17:24:32,P8,0,True
3500048,3500048,1,1,1,2025-09-14 18:37:14,2025-09-14 18:39:25,P8,0,True
3500072,3500074,8,3,3,2025-09-14 19:23:27,2025-09-14 19:42:19,P8,0,True
3500087,3500090,6,4,4,2025-09-14 19:59:26,2025-09-14 20:23:22,P8,0,True
3500108,3500110,4,3,3,2025-09-14 20:50:59,2025-09-14 21:03:02,P8,0,True
3500139,3500139,1,1,1,2025-09-14 22:16:47,2025-09-14 22:17:25,P8,0,True
3500141,3500143,5,3,3,2025-09-14 22:20:23,2025-09-14 22:33:54,P8,0,True
3500157,3500157,1,1,1,2025-09-14 23:04:42,2025-09-14 23:05:55,P8,0,True
3500170,3500170,2,1,1,2025-09-14 23:43:27,2025-09-14 23:49:08,P8,0,True
3500172,3500172,1,1,1,2025-09-14 23:47:32,2025-09-14 23:50:11,P8,0,True
3500176,3500176,1,1,1,2025-09-14 23:51:35,2025-09-14 23:54:46,P8,0,True
3500196,3500196,1,1,1,2025-09-15 00:30:29,2025-09-15 00:33:44,P8,0,True
3500198,3500198,1,1,1,2025-09-15 00:33:49,2025-09-15 00:36:20,P8,0,True
3500201,3500201,1,1,1,2025-09-15 00:40:51,2025-09-15 00:43:36,P8,0,True
3500214,3500215,3,2,2,2025-09-15 01:12:57,2025-09-15 01:20:45,P8,0,True
3500239,3500239,2,1,1,2025-09-15 01:52:29,2025-09-15 01:56:09,P8,0,True
3500264,3500264,1,1,1,2025-09-15 02:34:33,2025-09-15 02:36:01,P8,0,True
3500266,3500267,3,2,2,2025-09-15 02:39:39,2025-09-15 02:46:01,P8,0,True
3500283,3500283,2,1,1,2025-09-15 03:09:36,2025-09-15 03:20:44,P8,0,True
3500285,3500285,1,1,1,2025-09-15 03:20:33,2025-09-15 03:22:29,P8,0,True
3500301,3500301,2,1,1,2025-09-15 03:53:03,2025-09-15 03:58:58,P8,0,True
3501311,3501311,1,1,1,2025-09-16 10:12:39,2025-09-16 10:14:40,,0,True
3501794,3501794,1,1,1,2025-09-17 04:07:54,2025-09-17 04:10:11,,0,True
3502204,3502207,4,4,4,2025-09-17 17:25:48,2025-09-17 17:37:35,,0,True
3502254,3502254,1,1,1,2025-09-17 19:24:56,2025-09-17 19:25:05,,0,True
3502260,3502260,1,1,1,2025-09-17 19:34:39,2025-09-17 19:35:44,,0,True
3502280,3502280,1,1,1,2025-09-17 19:59:06,2025-09-17 19:59:32,,0,True
3502335,3502335,4,1,1,2025-09-17 22:45:58,2025-09-17 22:54:04,,0,True
3502385,3502385,1,1,1,2025-09-18 00:35:28,2025-09-18 00:38:06,,0,True
3502401,3502401,2,1,1,2025-09-18 01:04:35,2025-09-18 01:07:19,,0,True
3502426,3502426,2,1,1,2025-09-18 01:55:17,2025-09-18 01:58:03,,0,True
3502746,3502746,1,1,1,2025-09-18 12:33:37,2025-09-18 12:34:14,P9,0,True
3502749,3502749,1,1,1,2025-09-18 12:36:27,2025-09-18 12:41:27,P9,0,True
3502751,3502751,2,1,1,2025-09-18 12:41:50,2025-09-18 12:45:38,P9,0,True
3502758,3502758,1,1,1,2025-09-18 12:59:51,2025-09-18 13:00:52,P9,0,True
3502765,3502766,3,2,2,2025-09-18 13:10:33,2025-09-18 13:16:04,P9,0,True
3502768,3502768,2,1,1,2025-09-18 13:15:47,2025-09-18 13:19:09,P9,0,True
3502774,3502774,2,1,1,2025-09-18 13:29:19,2025-09-18 13:31:39,P9,0,True
3502781,3502781,1,1,1,2025-09-18 13:39:32,2025-09-18 13:43:21,P9,0,True
3502790,3502790,1,1,1,2025-09-18 13:56:00,2025-09-18 14:02:22,P9,0,True
3502798,3502798,2,1,1,2025-09-18 14:16:03,2025-09-18 14:17:08,P9,0,True
3502808,3502810,5,3,3,2025-09-18 14:27:12,2025-09-18 14:38:27,P9,0,True
3502823,3502823,1,1,1,2025-09-18 15:02:22,2025-09-18 15:09:37,P9,0,True
3502831,3502831,2,1,1,2025-09-18 15:25:45,2025-09-18 15:28:31,P9,0,True
3502835,3502835,1,1,1,2025-09-18 15:34:45,2025-09-18 15:34:51,P9,0,True
3502837,3502837,1,1,1,2025-09-18 15:35:55,2025-09-18 15:38:17,P9,0,True
3502845,3502845,1,1,1,2025-09-18 15:46:11,2025-09-18 15:50:22,P9,0,True
3502854,3502855,3,2,2,2025-09-18 16:11:34,2025-09-18 16:25:07,P9,0,True
3502860,3502860,2,1,1,2025-09-18 16:26:42,2025-09-18 16:34:21,P9,0,True
3502869,3502869,2,1,1,2025-09-18 16:42:55,2025-09-18 16:45:07,P9,0,True
3502871,3502880,13,10,10,2025-09-18 16:44:27,2025-09-18 17:29:09,P9,0,True
3502887,3502887,1,1,1,2025-09-18 17:30:26,2025-09-18 17:35:07,P9,0,True
3502892,3502892,1,1,1,2025-09-18 17:39:33,2025-09-18 17:40:51,P9,0,True
3502895,3502895,2,1,1,2025-09-18 17:44:27,2025-09-18 17:50:24,P9,0,True
3502902,3502902,1,1,1,2025-09-18 17:55:24,2025-09-18 17:58:54,P9,0,True
3502908,3502908,1,1,1,2025-09-18 18:11:24,2025-09-18 18:14:53,P9,0,True
3502914,3502914,2,1,1,2025-09-18 18:25:02,2025-09-18 18:31:09,P9,0,True
3502918,3502918,1,1,1,2025-09-18 18:32:14,2025-09-18 18:33:09,P9,0,True
3502924,3502924,1,1,1,2025-09-18 18:44:30,2025-09-18 18:49:04,P9,0,True
3502937,3502940,5,4,4,2025-09-18 19:02:11,2025-09-18 19:13:10,P9,0,True
3502942,3502942,1,1,1,2025-09-18 19:11:51,2025-09-18 19:17:50,P9,0,True
3502945,3502945,1,1,1,2025-09-18 19:20:01,2025-09-18 19:22:10,P9,0,True
3502951,3502951,1,1,1,2025-09-18 19:27:13,2025-09-18 19:27:59,P9,0,True
3502961,3502961,1,1,1,2025-09-18 19:42:04,2025-09-18 19:47:41,P9,0,True
3502964,3502964,1,1,1,2025-09-18 19:57:44,2025-09-18 20:03:25,P9,0,True
3502968,3502969,2,2,2,2025-09-18 20:10:09,2025-09-18 20:15:32,P9,0,True
3502971,3502971,2,1,1,2025-09-18 20:15:49,2025-09-18 20:23:02,P9,0,True
3502981,3502981,2,1,1,2025-09-18 20:55:44,2025-09-18 20:58:23,P9,0,True
3502992,3502992,1,1,1,2025-09-18 21:08:15,2025-09-18 21:09:59,P9,0,True
3502999,3502999,2,1,1,2025-09-18 21:17:29,2025-09-18 21:18:17,P9,0,True
3503003,3503003,2,1,1,2025-09-18 21:19:35,2025-09-18 21:21:50,P9,0,True
3503006,3503006,1,1,1,2025-09-18 21:24:00,2025-09-18 21:27:51,P9,0,True
3503023,3503025,4,3,3,2025-09-18 21:59:04,2025-09-18 22:12:04,P9,0,True
3503035,3503035,2,1,1,2025-09-18 22:27:55,2025-09-18 22:34:28,P9,0,True
3503038,3503038,2,1,1,2025-09-18 22:38:39,2025-09-18 22:46:50,P9,0,True
3503050,3503050,1,1,1,2025-09-18 22:58:13,2025-09-18 23:01:41,P9,0,True
3503052,3503052,1,1,1,2025-09-18 23:01:56,2025-09-18 23:03:19,P9,0,True
3503055,3503055,1,1,1,2025-09-18 23:10:28,2025-09-18 23:13:49,P9,0,True
3503067,3503067,2,1,1,2025-09-18 23:37:37,2025-09-18 23:38:29,P9,0,True
3503072,3503076,7,5,5,2025-09-18 23:47:43,2025-09-19 00:00:22,P9,0,True
3503085,3503086,3,2,2,2025-09-19 00:06:39,2025-09-19 00:15:41,P9,0,True
3503089,3503090,3,2,2,2025-09-19 00:16:28,2025-09-19 00:25:24,P9,0,True
3503092,3503092,1,1,1,2025-09-19 00:23:12,2025-09-19 00:30:06,P9,0,True
3503116,3503116,2,1,1,2025-09-19 01:07:48,2025-09-19 01:11:03,P9,0,True
3503126,3503126,1,1,1,2025-09-19 01:32:13,2025-09-19 01:32:21,P9,0,True
3503129,3503129,1,1,1,2025-09-19 01:43:59,2025-09-19 01:45:44,P9,0,True
3503146,3503148,5,3,3,2025-09-19 02:09:53,2025-09-19 02:22:54,P9,0,True
3503151,3503152,3,2,2,2025-09-19 02:16:56,2025-09-19 02:28:57,P9,0,True
3503170,3503170,1,1,1,2025-09-19 02:47:02,2025-09-19 02:48:00,P9,0,True
3503181,3503181,1,1,1,2025-09-19 03:01:52,2025-09-19 03:11:50,P9,0,True
3503184,3503184,1,1,1,2025-09-19 03:13:24,2025-09-19 03:14:59,P9,0,True
3503218,3503218,2,1,1,2025-09-19 04:13:18,2025-09-19 04:17:08,P9,0,True
3503222,3503222,2,1,1,2025-09-19 04:18:11,2025-09-19 04:22:06,P9,0,True
3503234,3503234,2,1,1,2025-09-19 04:42:22,2025-09-19 04:45:40,P9,0,True
3503243,3503243,1,1,1,2025-09-19 04:58:43,2025-09-19 04:58:46,P9,0,True
3503250,3503250,2,1,1,2025-09-19 05:14:20,2025-09-19 05:15:26,P9,0,True
3503264,3503264,1,1,1,2025-09-19 05:36:25,2025-09-19 05:37:33,P9,0,True
3503267,3503267,1,1,1,2025-09-19 05:39:37,2025-09-19 05:41:31,P9,0,True
3503269,3503269,2,1,1,2025-09-19 05:43:05,2025-09-19 05:46:45,P9,0,True
3503275,3503275,1,1,1,2025-09-19 05:57:31,2025-09-19 06:01:33,P9,0,True
3503280,3503283,6,4,4,2025-09-19 06:03:29,2025-09-19 06:21:56,P9,0,True
3503292,3503294,4,3,3,2025-09-19 06:38:55,2025-09-19 06:52:11,P9,0,True
3503303,3503303,2,1,1,2025-09-19 07:09:21,2025-09-19 07:12:45,P9,0,True
3503331,3503331,1,1,1,2025-09-19 07:53:57,2025-09-19 07:56:14,P9,0,True
3503337,3503337,1,1,1,2025-09-19 07:58:37,2025-09-19 08:02:36,P9,0,True
3503522,3503522,1,1,1,2025-09-19 13:00:01,2025-09-19 13:01:51,,0,True
3504329,3504329,1,1,1,2025-09-20 15:54:41,2025-09-20 15:58:56,,0,True
3506529,3506529,1,1,1,2025-09-23 17:18:01,2025-09-23 17:22:03,,0,True
3510824,3510824,1,1,1,2025-09-29 16:52:33,2025-09-29 16:55:26,,0,True
3514418,3514418,1,1,1,2025-10-04 18:02:28,2025-10-04 18:02:56,,0,True
3515286,3515286,1,1,1,2025-10-05 23:42:59,2025-10-05 23:45:45,,0,True
3515294,3515295,3,2,2,2025-10-06 00:00:11,2025-10-06 00:11:38,P10,0,True
3515323,3515323,2,1,1,2025-10-06 01:29:20,2025-10-06 01:33:12,P10,0,True
3515353,3515353,2,1,1,2025-10-06 02:26:04,2025-10-06 02:29:06,P10,0,True
3515415,3515415,1,1,1,2025-10-06 04:37:56,2025-10-06 04:42:00,P10,0,True
3515442,3515442,1,1,1,2025-10-06 05:25:39,2025-10-06 05:33:35,P10,0,True
3515464,3515464,1,1,1,2025-10-06 06:17:18,2025-10-06 06:26:16,P10,0,True
3515467,3515467,1,1,1,2025-10-06 06:30:39,2025-10-06 06:32:54,P10,0,True
3515484,3515484,1,1,1,2025-10-06 06:52:41,2025-10-06 06:54:04,P10,0,True
3515486,3515486,2,1,1,2025-10-06 06:55:13,2025-10-06 06:57:25,P10,0,True
3515500,3515500,1,1,1,2025-10-06 07:18:38,2025-10-06 07:18:45,P10,0,True
3515530,3515530,1,1,1,2025-10-06 08:43:51,2025-10-06 08:44:37,P10,0,True
3515542,3515542,1,1,1,2025-10-06 09:03:28,2025-10-06 09:10:26,P10,0,True
3515584,3515584,1,1,1,2025-10-06 10:53:14,2025-10-06 10:56:32,P10,0,True
3515595,3515595,2,1,1,2025-10-06 11:20:55,2025-10-06 11:23:41,P10,0,True
3515610,3515610,1,1,1,2025-10-06 11:44:05,2025-10-06 11:48:13,P10,0,True
3515638,3515638,1,1,1,2025-10-06 12:45:52,2025-10-06 12:48:56,P10,0,True
3515643,3515643,1,1,1,2025-10-06 12:56:52,2025-10-06 12:58:12,P10,0,True
3515664,3515664,2,1,1,2025-10-06 13:32:32,2025-10-06 13:37:44,P10,0,True
3515675,3515675,1,1,1,2025-10-06 13:47:34,2025-10-06 13:51:41,P10,0,True
3515680,3515680,2,1,1,2025-10-06 13:56:06,2025-10-06 13:58:11,P10,0,True
3515706,3515706,2,1,1,2025-10-06 14:46:31,2025-10-06 14:50:23,P10,0,True
3515719,3515719,1,1,1,2025-10-06 15:20:54,2025-10-06 15:22:32,P10,0,True
3515726,3515726,1,1,1,2025-10-06 15:27:14,2025-10-06 15:33:47,P10,0,True
3515747,3515747,1,1,1,2025-10-06 16:09:03,2025-10-06 16:16:37,P10,0,True
3515758,3515758,2,1,1,2025-10-06 16:26:33,2025-10-06 16:29:49,P10,0,True
3515763,3515763,1,1,1,2025-10-06 16:39:29,2025-10-06 16:39:51,P10,0,True
3515787,3515787,1,1,1,2025-10-06 17:31:43,2025-10-06 17:33:30,P10,0,True
3515801,3515801,2,1,1,2025-10-06 17:53:31,2025-10-06 17:59:25,P10,0,True
3515814,3515814,1,1,1,2025-10-06 18:20:05,2025-10-06 18:24:03,P10,0,True
3515816,3515816,2,1,1,2025-10-06 18:30:07,2025-10-06 18:31:42,P10,0,True
3515823,3515823,1,1,1,2025-10-06 18:36:54,2025-10-06 18:42:30,P10,0,True
3515847,3515847,1,1,1,2025-10-06 19:35:03,2025-10-06 19:36:31,P10,0,True
3515851,3515851,1,1,1,2025-10-06 19:43:50,2025-10-06 19:49:13,P10,0,True
3515863,3515863,2,1,1,2025-10-06 20:01:22,2025-10-06 20:07:06,P10,0,True
3515865,3515865,2,1,1,2025-10-06 20:06:59,2025-10-06 20:10:18,P10,0,True
3515901,3515902,3,2,2,2025-10-06 21:22:23,2025-10-06 21:32:57,P10,0,True
3515920,3515920,1,1,1,2025-10-06 22:29:22,2025-10-06 22:30:58,P10,0,True
3515931,3515931,1,1,1,2025-10-06 22:46:19,2025-10-06 22:52:24,P10,0,True
3515933,3515933,1,1,1,2025-10-06 22:54:31,2025-10-06 22:56:38,P10,0,True
3515935,3515935,1,1,1,2025-10-06 22:57:52,2025-10-06 22:59:40,P10,0,True
3515938,3515938,2,1,1,2025-10-06 23:04:13,2025-10-06 23:06:50,P10,0,True
3515946,3515950,7,5,5,2025-10-06 23:20:15,2025-10-06 23:38:29,P10,0,True
3515966,3515966,1,1,1,2025-10-07 00:06:07,2025-10-07 00:08:05,P10,0,True
3515977,3515977,1,1,1,2025-10-07 00:27:37,2025-10-07 00:30:26,P10,0,True
3515993,3515993,2,1,1,2025-10-07 01:10:11,2025-10-07 01:12:39,P10,0,True
3516011,3516011,1,1,1,2025-10-07 01:46:53,2025-10-07 01:52:43,P10,0,True
3516019,3516023,7,5,5,2025-10-07 02:11:34,2025-10-07 02:35:21,P10,0,True
3516031,3516031,2,1,1,2025-10-07 02:46:36,2025-10-07 02:55:00,P10,0,True
3516037,3516037,2,1,1,2025-10-07 02:59:59,2025-10-07 03:06:15,P10,0,True
3516046,3516046,2,1,1,2025-10-07 03:19:50,2025-10-07 03:22:36,P10,0,True
3516050,3516050,1,1,1,2025-10-07 03:30:01,2025-10-07 03:33:01,P10,0,True
3516056,3516058,4,3,3,2025-10-07 03:45:07,2025-10-07 03:57:33,P10,0,True
3516068,3516068,1,1,1,2025-10-07 04:11:33,2025-10-07 04:15:52,P10,0,True
3516083,3516085,5,3,3,2025-10-07 04:43:52,2025-10-07 04:59:11,P10,0,True
3516091,3516092,3,2,2,2025-10-07 05:02:51,2025-10-07 05:07:14,P10,0,True
3516100,3516100,1,1,1,2025-10-07 05:25:25,2025-10-07 05:26:56,P10,0,True
3516108,3516108,2,1,1,2025-10-07 05:33:58,2025-10-07 05:38:09,P10,0,True
3516110,3516110,1,1,1,2025-10-07 05:37:02,2025-10-07 05:41:04,P10,0,True
3516120,3516120,2,1,1,2025-10-07 06:02:57,2025-10-07 06:09:06,P10,0,True
3516122,3516122,1,1,1,2025-10-07 06:05:32,2025-10-07 06:09:56,P10,0,True
3516126,3516128,4,3,3,2025-10-07 06:14:21,2025-10-07 06:19:38,P10,0,True
3516153,3516153,1,1,1,2025-10-07 06:53:30,2025-10-07 06:56:02,P10,0,True
3516157,3516157,1,1,1,2025-10-07 06:57:34,2025-10-07 07:00:07,P10,0,True
3516173,3516173,1,1,1,2025-10-07 07:22:27,2025-10-07 07:26:07,P10,0,True
3516187,3516187,2,1,1,2025-10-07 07:41:08,2025-10-07 07:49:15,P10,0,True
3516189,3516189,1,1,1,2025-10-07 07:44:13,2025-10-07 07:52:15,P10,0,True
3516191,3516191,1,1,1,2025-10-07 07:52:52,2025-10-07 07:57:15,P10,0,True
3516202,3516202,1,1,1,2025-10-07 08:19:21,2025-10-07 08:23:19,P10,0,True
3516205,3516209,7,5,5,2025-10-07 08:27:18,2025-10-07 08:39:29,P10,0,True
3516215,3516215,1,1,1,2025-10-07 08:42:53,2025-10-07 08:45:34,P10,0,True
3516223,3516223,2,1,1,2025-10-07 08:57:14,2025-10-07 09:06:43,P10,0,True
3516225,3516225,1,1,1,2025-10-07 09:01:00,2025-10-07 09:08:42,P10,0,True
3516239,3516239,2,1,1,2025-10-07 09:35:29,2025-10-07 09:39:45,P10,0,True
3516246,3516246,1,1,1,2025-10-07 09:45:04,2025-10-07 09:49:26,P10,0,True
3516252,3516252,1,1,1,2025-10-07 09:58:25,2025-10-07 09:58:48,P10,0,True
3516263,3516263,1,1,1,2025-10-07 10:14:23,2025-10-07 10:15:07,P10,0,True
3516311,3516311,1,1,1,2025-10-07 11:36:58,2025-10-07 11:44:12,P10,0,True
3516315,3516315,1,1,1,2025-10-07 11:51:25,2025-10-07 11:51:28,P10,0,True
3516321,3516321,1,1,1,2025-10-07 12:07:01,2025-10-07 12:08:11,P10,0,True
3522892,3522892,1,1,1,2025-10-16 13:07:25,2025-10-16 13:12:32,,0,True
3523641,3523641,1,1,1,2025-10-17 14:25:48,2025-10-17 14:26:43,,0,True
3523876,3523876,1,1,1,2025-10-17 23:10:32,2025-10-17 23:16:17,,0,True
