config_id,min_orphans_per_hour,min_duration_hours,merge_gap_hours,period,start,end,duration_hours
t1_d2_g2,1,2,2,P1,2025-08-06 19:00:00,2025-08-06 22:00:00,3.0
t1_d2_g2,1,2,2,P2,2025-08-08 09:00:00,2025-08-08 11:00:00,2.0
t1_d2_g2,1,2,2,P3,2025-08-09 17:00:00,2025-08-09 21:00:00,4.0
t1_d2_g2,1,2,2,P4,2025-08-11 12:00:00,2025-08-12 08:00:00,20.0
t1_d2_g2,1,2,2,P5,2025-08-14 11:00:00,2025-08-14 18:00:00,7.0
t1_d2_g2,1,2,2,P6,2025-08-14 23:00:00,2025-08-15 03:00:00,4.0
t1_d2_g2,1,2,2,P7,2025-08-15 06:00:00,2025-08-15 08:00:00,2.0
t1_d2_g2,1,2,2,P8,2025-08-16 06:00:00,2025-08-16 08:00:00,2.0
t1_d2_g2,1,2,2,P9,2025-08-16 14:00:00,2025-08-16 19:00:00,5.0
t1_d2_g2,1,2,2,P10,2025-08-16 22:00:00,2025-08-17 01:00:00,3.0
t1_d2_g2,1,2,2,P11,2025-08-17 05:00:00,2025-08-17 07:00:00,2.0
t1_d2_g2,1,2,2,P12,2025-08-18 10:00:00,2025-08-18 13:00:00,3.0
t1_d2_g2,1,2,2,P13,2025-08-18 23:00:00,2025-08-19 05:00:00,6.0
t1_d2_g2,1,2,2,P14,2025-08-19 17:00:00,2025-08-19 19:00:00,2.0
t1_d2_g2,1,2,2,P15,2025-08-20 14:00:00,2025-08-20 16:00:00,2.0
t1_d2_g2,1,2,2,P16,2025-08-21 14:00:00,2025-08-22 01:00:00,11.0
t1_d2_g2,1,2,2,P17,2025-08-23 15:00:00,2025-08-23 21:00:00,6.0
t1_d2_g2,1,2,2,P18,2025-08-25 15:00:00,2025-08-26 08:00:00,17.0
t1_d2_g2,1,2,2,P19,2025-08-28 00:00:00,2025-08-28 03:00:00,3.0
t1_d2_g2,1,2,2,P20,2025-08-28 11:00:00,2025-08-29 10:00:00,23.0
t1_d2_g2,1,2,2,P21,2025-08-30 14:00:00,2025-08-31 17:00:00,27.0
t1_d2_g2,1,2,2,P22,2025-08-31 21:00:00,2025-09-01 02:00:00,5.0
t1_d2_g2,1,2,2,P23,2025-09-01 13:00:00,2025-09-02 13:00:00,24.0
t1_d2_g2,1,2,2,P24,2025-09-04 12:00:00,2025-09-04 14:00:00,2.0
t1_d2_g2,1,2,2,P25,2025-09-04 17:00:00,2025-09-15 05:00:00,252.0
t1_d2_g2,1,2,2,P26,2025-09-17 16:00:00,2025-09-18 04:00:00,12.0
t1_d2_g2,1,2,2,P27,2025-09-18 12:00:00,2025-09-19 09:00:00,21.0
t1_d2_g2,1,2,2,P28,2025-10-05 23:00:00,2025-10-07 13:00:00,38.0
t1_d2_g2,1,2,2,P29,2025-10-12 12:00:00,2025-10-12 14:00:00,2.0
t1_d2_g4,1,2,4,P1,2025-08-06 19:00:00,2025-08-06 22:00:00,3.0
t1_d2_g4,1,2,4,P2,2025-08-08 09:00:00,2025-08-08 11:00:00,2.0
t1_d2_g4,1,2,4,P3,2025-08-09 17:00:00,2025-08-09 21:00:00,4.0
t1_d2_g4,1,2,4,P4,2025-08-11 12:00:00,2025-08-12 08:00:00,20.0
t1_d2_g4,1,2,4,P5,2025-08-14 11:00:00,2025-08-14 18:00:00,7.0
t1_d2_g4,1,2,4,P6,2025-08-14 23:00:00,2025-08-15 08:00:00,9.0
t1_d2_g4,1,2,4,P7,2025-08-16 06:00:00,2025-08-16 08:00:00,2.0
t1_d2_g4,1,2,4,P8,2025-08-16 14:00:00,2025-08-17 07:00:00,17.0
t1_d2_g4,1,2,4,P9,2025-08-18 10:00:00,2025-08-18 13:00:00,3.0
t1_d2_g4,1,2,4,P10,2025-08-18 23:00:00,2025-08-19 05:00:00,6.0
t1_d2_g4,1,2,4,P11,2025-08-19 17:00:00,2025-08-19 19:00:00,2.0
t1_d2_g4,1,2,4,P12,2025-08-20 14:00:00,2025-08-20 16:00:00,2.0
t1_d2_g4,1,2,4,P13,2025-08-21 14:00:00,2025-08-22 01:00:00,11.0
t1_d2_g4,1,2,4,P14,2025-08-23 15:00:00,2025-08-23 21:00:00,6.0
t1_d2_g4,1,2,4,P15,2025-08-25 15:00:00,2025-08-26 08:00:00,17.0
t1_d2_g4,1,2,4,P16,2025-08-28 00:00:00,2025-08-28 03:00:00,3.0
t1_d2_g4,1,2,4,P17,2025-08-28 11:00:00,2025-08-29 10:00:00,23.0
t1_d2_g4,1,2,4,P18,2025-08-30 14:00:00,2025-09-01 02:00:00,36.0
t1_d2_g4,1,2,4,P19,2025-09-01 13:00:00,2025-09-02 13:00:00,24.0
t1_d2_g4,1,2,4,P20,2025-09-04 12:00:00,2025-09-15 05:00:00,257.0
t1_d2_g4,1,2,4,P21,2025-09-17 16:00:00,2025-09-18 04:00:00,12.0
t1_d2_g4,1,2,4,P22,2025-09-18 12:00:00,2025-09-19 09:00:00,21.0
t1_d2_g4,1,2,4,P23,2025-10-05 23:00:00,2025-10-07 13:00:00,38.0
t1_d2_g4,1,2,4,P24,2025-10-12 12:00:00,2025-10-12 14:00:00,2.0
t1_d2_g6,1,2,6,P1,2025-08-06 19:00:00,2025-08-06 22:00:00,3.0
t1_d2_g6,1,2,6,P2,2025-08-08 09:00:00,2025-08-08 11:00:00,2.0
t1_d2_g6,1,2,6,P3,2025-08-09 17:00:00,2025-08-09 21:00:00,4.0
t1_d2_g6,1,2,6,P4,2025-08-11 12:00:00,2025-08-12 08:00:00,20.0
t1_d2_g6,1,2,6,P5,2025-08-14 11:00:00,2025-08-15 08:00:00,21.0
t1_d2_g6,1,2,6,P6,2025-08-16 06:00:00,2025-08-17 07:00:00,25.0
t1_d2_g6,1,2,6,P7,2025-08-18 10:00:00,2025-08-18 13:00:00,3.0
t1_d2_g6,1,2,6,P8,2025-08-18 23:00:00,2025-08-19 05:00:00,6.0
t1_d2_g6,1,2,6,P9,2025-08-19 17:00:00,2025-08-19 19:00:00,2.0
t1_d2_g6,1,2,6,P10,2025-08-20 14:00:00,2025-08-20 16:00:00,2.0
t1_d2_g6,1,2,6,P11,2025-08-21 14:00:00,2025-08-22 01:00:00,11.0
t1_d2_g6,1,2,6,P12,2025-08-23 15:00:00,2025-08-23 21:00:00,6.0
t1_d2_g6,1,2,6,P13,2025-08-25 15:00:00,2025-08-26 08:00:00,17.0
t1_d2_g6,1,2,6,P14,2025-08-28 00:00:00,2025-08-28 03:00:00,3.0
t1_d2_g6,1,2,6,P15,2025-08-28 11:00:00,2025-08-29 10:00:00,23.0
t1_d2_g6,1,2,6,P16,2025-08-30 14:00:00,2025-09-01 02:00:00,36.0
t1_d2_g6,1,2,6,P17,2025-09-01 13:00:00,2025-09-02 13:00:00,24.0
t1_d2_g6,1,2,6,P18,2025-09-04 12:00:00,2025-09-15 05:00:00,257.0
t1_d2_g6,1,2,6,P19,2025-09-17 16:00:00,2025-09-18 04:00:00,12.0
t1_d2_g6,1,2,6,P20,2025-09-18 12:00:00,2025-09-19 09:00:00,21.0
t1_d2_g6,1,2,6,P21,2025-10-05 23:00:00,2025-10-07 13:00:00,38.0
t1_d2_g6,1,2,6,P22,2025-10-12 12:00:00,2025-10-12 14:00:00,2.0
t1_d2_g8,1,2,8,P1,2025-08-06 19:00:00,2025-08-06 22:00:00,3.0
t1_d2_g8,1,2,8,P2,2025-08-08 09:00:00,2025-08-08 11:00:00,2.0
t1_d2_g8,1,2,8,P3,2025-08-09 17:00:00,2025-08-09 21:00:00,4.0
t1_d2_g8,1,2,8,P4,2025-08-11 12:00:00,2025-08-12 08:00:00,20.0
t1_d2_g8,1,2,8,P5,2025-08-14 11:00:00,2025-08-15 08:00:00,21.0
t1_d2_g8,1,2,8,P6,2025-08-16 06:00:00,2025-08-17 07:00:00,25.0
t1_d2_g8,1,2,8,P7,2025-08-18 10:00:00,2025-08-18 13:00:00,3.0
t1_d2_g8,1,2,8,P8,2025-08-18 23:00:00,2025-08-19 05:00:00,6.0
t1_d2_g8,1,2,8,P9,2025-08-19 17:00:00,2025-08-19 19:00:00,2.0
t1_d2_g8,1,2,8,P10,2025-08-20 14:00:00,2025-08-20 16:00:00,2.0
t1_d2_g8,1,2,8,P11,2025-08-21 14:00:00,2025-08-22 01:00:00,11.0
t1_d2_g8,1,2,8,P12,2025-08-23 15:00:00,2025-08-23 21:00:00,6.0
t1_d2_g8,1,2,8,P13,2025-08-25 15:00:00,2025-08-26 08:00:00,17.0
t1_d2_g8,1,2,8,P14,2025-08-28 00:00:00,2025-08-29 10:00:00,34.0
t1_d2_g8,1,2,8,P15,2025-08-30 14:00:00,2025-09-01 02:00:00,36.0
t1_d2_g8,1,2,8,P16,2025-09-01 13:00:00,2025-09-02 13:00:00,24.0
t1_d2_g8,1,2,8,P17,2025-09-04 12:00:00,2025-09-15 05:00:00,257.0
t1_d2_g8,1,2,8,P18,2025-09-17 16:00:00,2025-09-19 09:00:00,41.0
t1_d2_g8,1,2,8,P19,2025-10-05 23:00:00,2025-10-07 13:00:00,38.0
t1_d2_g8,1,2,8,P20,2025-10-12 12:00:00,2025-10-12 14:00:00,2.0
t1_d2_g12,1,2,12,P1,2025-08-06 19:00:00,2025-08-06 22:00:00,3.0
t1_d2_g12,1,2,12,P2,2025-08-08 09:00:00,2025-08-08 11:00:00,2.0
t1_d2_g12,1,2,12,P3,2025-08-09 17:00:00,2025-08-09 21:00:00,4.0
t1_d2_g12,1,2,12,P4,2025-08-11 12:00:00,2025-08-12 08:00:00,20.0
t1_d2_g12,1,2,12,P5,2025-08-14 11:00:00,2025-08-15 08:00:00,21.0
t1_d2_g12,1,2,12,P6,2025-08-16 06:00:00,2025-08-17 07:00:00,25.0
t1_d2_g12,1,2,12,P7,2025-08-18 10:00:00,2025-08-19 19:00:00,33.0
t1_d2_g12,1,2,12,P8,2025-08-20 14:00:00,2025-08-20 16:00:00,2.0
t1_d2_g12,1,2,12,P9,2025-08-21 14:00:00,2025-08-22 01:00:00,11.0
t1_d2_g12,1,2,12,P10,2025-08-23 15:00:00,2025-08-23 21:00:00,6.0
t1_d2_g12,1,2,12,P11,2025-08-25 15:00:00,2025-08-26 08:00:00,17.0
t1_d2_g12,1,2,12,P12,2025-08-28 00:00:00,2025-08-29 10:00:00,34.0
t1_d2_g12,1,2,12,P13,2025-08-30 14:00:00,2025-09-02 13:00:00,71.0
t1_d2_g12,1,2,12,P14,2025-09-04 12:00:00,2025-09-15 05:00:00,257.0
t1_d2_g12,1,2,12,P15,2025-09-17 16:00:00,2025-09-19 09:00:00,41.0
t1_d2_g12,1,2,12,P16,2025-10-05 23:00:00,2025-10-07 13:00:00,38.0
t1_d2_g12,1,2,12,P17,2025-10-12 12:00:00,2025-10-12 14:00:00,2.0
t1_d4_g2,1,4,2,P1,2025-08-09 17:00:00,2025-08-09 21:00:00,4.0
t1_d4_g2,1,4,2,P2,2025-08-11 12:00:00,2025-08-12 08:00:00,20.0
t1_d4_g2,1,4,2,P3,2025-08-14 11:00:00,2025-08-14 18:00:00,7.0
t1_d4_g2,1,4,2,P4,2025-08-14 23:00:00,2025-08-15 03:00:00,4.0
t1_d4_g2,1,4,2,P5,2025-08-16 14:00:00,2025-08-16 19:00:00,5.0
t1_d4_g2,1,4,2,P6,2025-08-18 23:00:00,2025-08-19 05:00:00,6.0
t1_d4_g2,1,4,2,P7,2025-08-21 14:00:00,2025-08-22 01:00:00,11.0
t1_d4_g2,1,4,2,P8,2025-08-25 15:00:00,2025-08-26 08:00:00,17.0
t1_d4_g2,1,4,2,P9,2025-08-28 11:00:00,2025-08-29 10:00:00,23.0
t1_d4_g2,1,4,2,P10,2025-08-30 14:00:00,2025-08-31 17:00:00,27.0
t1_d4_g2,1,4,2,P11,2025-09-01 13:00:00,2025-09-02 13:00:00,24.0
t1_d4_g2,1,4,2,P12,2025-09-04 17:00:00,2025-09-15 05:00:00,252.0
t1_d4_g2,1,4,2,P13,2025-09-17 16:00:00,2025-09-18 04:00:00,12.0
t1_d4_g2,1,4,2,P14,2025-09-18 12:00:00,2025-09-19 09:00:00,21.0
t1_d4_g2,1,4,2,P15,2025-10-05 23:00:00,2025-10-07 13:00:00,38.0
t1_d4_g4,1,4,4,P1,2025-08-09 17:00:00,2025-08-09 21:00:00,4.0
t1_d4_g4,1,4,4,P2,2025-08-11 12:00:00,2025-08-12 08:00:00,20.0
t1_d4_g4,1,4,4,P3,2025-08-14 11:00:00,2025-08-14 18:00:00,7.0
t1_d4_g4,1,4,4,P4,2025-08-14 23:00:00,2025-08-15 03:00:00,4.0
t1_d4_g4,1,4,4,P5,2025-08-16 14:00:00,2025-08-16 19:00:00,5.0
t1_d4_g4,1,4,4,P6,2025-08-18 23:00:00,2025-08-19 05:00:00,6.0
t1_d4_g4,1,4,4,P7,2025-08-21 14:00:00,2025-08-22 01:00:00,11.0
t1_d4_g4,1,4,4,P8,2025-08-25 15:00:00,2025-08-26 08:00:00,17.0
t1_d4_g4,1,4,4,P9,2025-08-28 11:00:00,2025-08-29 10:00:00,23.0
t1_d4_g4,1,4,4,P10,2025-08-30 14:00:00,2025-08-31 17:00:00,27.0
t1_d4_g4,1,4,4,P11,2025-09-01 13:00:00,2025-09-02 13:00:00,24.0
t1_d4_g4,1,4,4,P12,2025-09-04 17:00:00,2025-09-15 05:00:00,252.0
t1_d4_g4,1,4,4,P13,2025-09-17 16:00:00,2025-09-18 04:00:00,12.0
t1_d4_g4,1,4,4,P14,2025-09-18 12:00:00,2025-09-19 09:00:00,21.0
t1_d4_g4,1,4,4,P15,2025-10-05 23:00:00,2025-10-07 13:00:00,38.0
t1_d4_g6,1,4,6,P1,2025-08-09 17:00:00,2025-08-09 21:00:00,4.0
t1_d4_g6,1,4,6,P2,2025-08-11 12:00:00,2025-08-12 08:00:00,20.0
t1_d4_g6,1,4,6,P3,2025-08-14 11:00:00,2025-08-15 03:00:00,16.0
t1_d4_g6,1,4,6,P4,2025-08-16 14:00:00,2025-08-16 19:00:00,5.0
t1_d4_g6,1,4,6,P5,2025-08-18 23:00:00,2025-08-19 05:00:00,6.0
t1_d4_g6,1,4,6,P6,2025-08-21 14:00:00,2025-08-22 01:00:00,11.0
t1_d4_g6,1,4,6,P7,2025-08-25 15:00:00,2025-08-26 08:00:00,17.0
t1_d4_g6,1,4,6,P8,2025-08-28 11:00:00,2025-08-29 10:00:00,23.0
t1_d4_g6,1,4,6,P9,2025-08-30 14:00:00,2025-08-31 17:00:00,27.0
t1_d4_g6,1,4,6,P10,2025-09-01 13:00:00,2025-09-02 13:00:00,24.0
t1_d4_g6,1,4,6,P11,2025-09-04 17:00:00,2025-09-15 05:00:00,252.0
t1_d4_g6,1,4,6,P12,2025-09-17 16:00:00,2025-09-18 04:00:00,12.0
t1_d4_g6,1,4,6,P13,2025-09-18 12:00:00,2025-09-19 09:00:00,21.0
t1_d4_g6,1,4,6,P14,2025-10-05 23:00:00,2025-10-07 13:00:00,38.0
t1_d4_g8,1,4,8,P1,2025-08-09 17:00:00,2025-08-09 21:00:00,4.0
t1_d4_g8,1,4,8,P2,2025-08-11 12:00:00,2025-08-12 08:00:00,20.0
t1_d4_g8,1,4,8,P3,2025-08-14 11:00:00,2025-08-15 03:00:00,16.0
t1_d4_g8,1,4,8,P4,2025-08-16 14:00:00,2025-08-16 19:00:00,5.0
t1_d4_g8,1,4,8,P5,2025-08-18 23:00:00,2025-08-19 05:00:00,6.0
t1_d4_g8,1,4,8,P6,2025-08-21 14:00:00,2025-08-22 01:00:00,11.0
t1_d4_g8,1,4,8,P7,2025-08-25 15:00:00,2025-08-26 08:00:00,17.0
t1_d4_g8,1,4,8,P8,2025-08-28 11:00:00,2025-08-29 10:00:00,23.0
t1_d4_g8,1,4,8,P9,2025-08-30 14:00:00,2025-08-31 17:00:00,27.0
t1_d4_g8,1,4,8,P10,2025-09-01 13:00:00,2025-09-02 13:00:00,24.0
t1_d4_g8,1,4,8,P11,2025-09-04 17:00:00,2025-09-15 05:00:00,252.0
t1_d4_g8,1,4,8,P12,2025-09-17 16:00:00,2025-09-19 09:00:00,41.0
t1_d4_g8,1,4,8,P13,2025-10-05 23:00:00,2025-10-07 13:00:00,38.0
t1_d4_g12,1,4,12,P1,2025-08-09 17:00:00,2025-08-09 21:00:00,4.0
t1_d4_g12,1,4,12,P2,2025-08-11 12:00:00,2025-08-12 08:00:00,20.0
t1_d4_g12,1,4,12,P3,2025-08-14 11:00:00,2025-08-15 03:00:00,16.0
t1_d4_g12,1,4,12,P4,2025-08-16 14:00:00,2025-08-16 19:00:00,5.0
t1_d4_g12,1,4,12,P5,2025-08-18 23:00:00,2025-08-19 05:00:00,6.0
t1_d4_g12,1,4,12,P6,2025-08-21 14:00:00,2025-08-22 01:00:00,11.0
t1_d4_g12,1,4,12,P7,2025-08-25 15:00:00,2025-08-26 08:00:00,17.0
t1_d4_g12,1,4,12,P8,2025-08-28 11:00:00,2025-08-29 10:00:00,23.0
t1_d4_g12,1,4,12,P9,2025-08-30 14:00:00,2025-08-31 17:00:00,27.0
t1_d4_g12,1,4,12,P10,2025-09-01 13:00:00,2025-09-02 13:00:00,24.0
t1_d4_g12,1,4,12,P11,2025-09-04 17:00:00,2025-09-15 05:00:00,252.0
t1_d4_g12,1,4,12,P12,2025-09-17 16:00:00,2025-09-19 09:00:00,41.0
t1_d4_g12,1,4,12,P13,2025-10-05 23:00:00,2025-10-07 13:00:00,38.0
t1_d6_g2,1,6,2,P1,2025-08-11 12:00:00,2025-08-12 08:00:00,20.0
t1_d6_g2,1,6,2,P2,2025-08-14 11:00:00,2025-08-14 18:00:00,7.0
t1_d6_g2,1,6,2,P3,2025-08-18 23:00:00,2025-08-19 05:00:00,6.0
t1_d6_g2,1,6,2,P4,2025-08-21 14:00:00,2025-08-22 01:00:00,11.0
t1_d6_g2,1,6,2,P5,2025-08-25 15:00:00,2025-08-26 08:00:00,17.0
t1_d6_g2,1,6,2,P6,2025-08-28 11:00:00,2025-08-29 10:00:00,23.0
t1_d6_g2,1,6,2,P7,2025-08-30 14:00:00,2025-08-31 17:00:00,27.0
t1_d6_g2,1,6,2,P8,2025-09-01 13:00:00,2025-09-02 13:00:00,24.0
t1_d6_g2,1,6,2,P9,2025-09-04 17:00:00,2025-09-15 05:00:00,252.0
t1_d6_g2,1,6,2,P10,2025-09-17 16:00:00,2025-09-18 04:00:00,12.0
t1_d6_g2,1,6,2,P11,2025-09-18 12:00:00,2025-09-19 09:00:00,21.0
t1_d6_g2,1,6,2,P12,2025-10-05 23:00:00,2025-10-07 13:00:00,38.0
t1_d6_g4,1,6,4,P1,2025-08-11 12:00:00,2025-08-12 08:00:00,20.0
t1_d6_g4,1,6,4,P2,2025-08-14 11:00:00,2025-08-14 18:00:00,7.0
t1_d6_g4,1,6,4,P3,2025-08-18 23:00:00,2025-08-19 05:00:00,6.0
t1_d6_g4,1,6,4,P4,2025-08-21 14:00:00,2025-08-22 01:00:00,11.0
t1_d6_g4,1,6,4,P5,2025-08-25 15:00:00,2025-08-26 08:00:00,17.0
t1_d6_g4,1,6,4,P6,2025-08-28 11:00:00,2025-08-29 10:00:00,23.0
t1_d6_g4,1,6,4,P7,2025-08-30 14:00:00,2025-08-31 17:00:00,27.0
t1_d6_g4,1,6,4,P8,2025-09-01 13:00:00,2025-09-02 13:00:00,24.0
t1_d6_g4,1,6,4,P9,2025-09-04 17:00:00,2025-09-15 05:00:00,252.0
t1_d6_g4,1,6,4,P10,2025-09-17 16:00:00,2025-09-18 04:00:00,12.0
t1_d6_g4,1,6,4,P11,2025-09-18 12:00:00,2025-09-19 09:00:00,21.0
t1_d6_g4,1,6,4,P12,2025-10-05 23:00:00,2025-10-07 13:00:00,38.0
t1_d6_g6,1,6,6,P1,2025-08-11 12:00:00,2025-08-12 08:00:00,20.0
t1_d6_g6,1,6,6,P2,2025-08-14 11:00:00,2025-08-14 18:00:00,7.0
t1_d6_g6,1,6,6,P3,2025-08-18 23:00:00,2025-08-19 05:00:00,6.0
t1_d6_g6,1,6,6,P4,2025-08-21 14:00:00,2025-08-22 01:00:00,11.0
t1_d6_g6,1,6,6,P5,2025-08-25 15:00:00,2025-08-26 08:00:00,17.0
t1_d6_g6,1,6,6,P6,2025-08-28 11:00:00,2025-08-29 10:00:00,23.0
t1_d6_g6,1,6,6,P7,2025-08-30 14:00:00,2025-08-31 17:00:00,27.0
t1_d6_g6,1,6,6,P8,2025-09-01 13:00:00,2025-09-02 13:00:00,24.0
t1_d6_g6,1,6,6,P9,2025-09-04 17:00:00,2025-09-15 05:00:00,252.0
t1_d6_g6,1,6,6,P10,2025-09-17 16:00:00,2025-09-18 04:00:00,12.0
t1_d6_g6,1,6,6,P11,2025-09-18 12:00:00,2025-09-19 09:00:00,21.0
t1_d6_g6,1,6,6,P12,2025-10-05 23:00:00,2025-10-07 13:00:00,38.0
t1_d6_g8,1,6,8,P1,2025-08-11 12:00:00,2025-08-12 08:00:00,20.0
t1_d6_g8,1,6,8,P2,2025-08-14 11:00:00,2025-08-14 18:00:00,7.0
t1_d6_g8,1,6,8,P3,2025-08-18 23:00:00,2025-08-19 05:00:00,6.0
t1_d6_g8,1,6,8,P4,2025-08-21 14:00:00,2025-08-22 01:00:00,11.0
t1_d6_g8,1,6,8,P5,2025-08-25 15:00:00,2025-08-26 08:00:00,17.0
t1_d6_g8,1,6,8,P6,2025-08-28 11:00:00,2025-08-29 10:00:00,23.0
t1_d6_g8,1,6,8,P7,2025-08-30 14:00:00,2025-08-31 17:00:00,27.0
t1_d6_g8,1,6,8,P8,2025-09-01 13:00:00,2025-09-02 13:00:00,24.0
t1_d6_g8,1,6,8,P9,2025-09-04 17:00:00,2025-09-15 05:00:00,252.0
t1_d6_g8,1,6,8,P10,2025-09-17 16:00:00,2025-09-19 09:00:00,41.0
t1_d6_g8,1,6,8,P11,2025-10-05 23:00:00,2025-10-07 13:00:00,38.0
t1_d6_g12,1,6,12,P1,2025-08-11 12:00:00,2025-08-12 08:00:00,20.0
t1_d6_g12,1,6,12,P2,2025-08-14 11:00:00,2025-08-14 18:00:00,7.0
t1_d6_g12,1,6,12,P3,2025-08-18 23:00:00,2025-08-19 05:00:00,6.0
t1_d6_g12,1,6,12,P4,2025-08-21 14:00:00,2025-08-22 01:00:00,11.0
t1_d6_g12,1,6,12,P5,2025-08-25 15:00:00,2025-08-26 08:00:00,17.0
t1_d6_g12,1,6,12,P6,2025-08-28 11:00:00,2025-08-29 10:00:00,23.0
t1_d6_g12,1,6,12,P7,2025-08-30 14:00:00,2025-08-31 17:00:00,27.0
t1_d6_g12,1,6,12,P8,2025-09-01 13:00:00,2025-09-02 13:00:00,24.0
t1_d6_g12,1,6,12,P9,2025-09-04 17:00:00,2025-09-15 05:00:00,252.0
t1_d6_g12,1,6,12,P10,2025-09-17 16:00:00,2025-09-19 09:00:00,41.0
t1_d6_g12,1,6,12,P11,2025-10-05 23:00:00,2025-10-07 13:00:00,38.0
t1_d8_g2,1,8,2,P1,2025-08-11 12:00:00,2025-08-12 08:00:00,20.0
t1_d8_g2,1,8,2,P2,2025-08-21 14:00:00,2025-08-22 01:00:00,11.0
t1_d8_g2,1,8,2,P3,2025-08-25 15:00:00,2025-08-26 08:00:00,17.0
t1_d8_g2,1,8,2,P4,2025-08-28 11:00:00,2025-08-29 10:00:00,23.0
t1_d8_g2,1,8,2,P5,2025-08-30 14:00:00,2025-08-31 17:00:00,27.0
t1_d8_g2,1,8,2,P6,2025-09-01 13:00:00,2025-09-02 13:00:00,24.0
t1_d8_g2,1,8,2,P7,2025-09-04 17:00:00,2025-09-15 05:00:00,252.0
t1_d8_g2,1,8,2,P8,2025-09-17 16:00:00,2025-09-18 04:00:00,12.0
t1_d8_g2,1,8,2,P9,2025-09-18 12:00:00,2025-09-19 09:00:00,21.0
t1_d8_g2,1,8,2,P10,2025-10-05 23:00:00,2025-10-07 13:00:00,38.0
t1_d8_g4,1,8,4,P1,2025-08-11 12:00:00,2025-08-12 08:00:00,20.0
t1_d8_g4,1,8,4,P2,2025-08-21 14:00:00,2025-08-22 01:00:00,11.0
t1_d8_g4,1,8,4,P3,2025-08-25 15:00:00,2025-08-26 08:00:00,17.0
t1_d8_g4,1,8,4,P4,2025-08-28 11:00:00,2025-08-29 10:00:00,23.0
t1_d8_g4,1,8,4,P5,2025-08-30 14:00:00,2025-08-31 17:00:00,27.0
t1_d8_g4,1,8,4,P6,2025-09-01 13:00:00,2025-09-02 13:00:00,24.0
t1_d8_g4,1,8,4,P7,2025-09-04 17:00:00,2025-09-15 05:00:00,252.0
t1_d8_g4,1,8,4,P8,2025-09-17 16:00:00,2025-09-18 04:00:00,12.0
t1_d8_g4,1,8,4,P9,2025-09-18 12:00:00,2025-09-19 09:00:00,21.0
t1_d8_g4,1,8,4,P10,2025-10-05 23:00:00,2025-10-07 13:00:00,38.0
t1_d8_g6,1,8,6,P1,2025-08-11 12:00:00,2025-08-12 08:00:00,20.0
t1_d8_g6,1,8,6,P2,2025-08-21 14:00:00,2025-08-22 01:00:00,11.0
t1_d8_g6,1,8,6,P3,2025-08-25 15:00:00,2025-08-26 08:00:00,17.0
t1_d8_g6,1,8,6,P4,2025-08-28 11:00:00,2025-08-29 10:00:00,23.0
t1_d8_g6,1,8,6,P5,2025-08-30 14:00:00,2025-08-31 17:00:00,27.0
t1_d8_g6,1,8,6,P6,2025-09-01 13:00:00,2025-09-02 13:00:00,24.0
t1_d8_g6,1,8,6,P7,2025-09-04 17:00:00,2025-09-15 05:00:00,252.0
t1_d8_g6,1,8,6,P8,2025-09-17 16:00:00,2025-09-18 04:00:00,12.0
t1_d8_g6,1,8,6,P9,2025-09-18 12:00:00,2025-09-19 09:00:00,21.0
t1_d8_g6,1,8,6,P10,2025-10-05 23:00:00,2025-10-07 13:00:00,38.0
t1_d8_g8,1,8,8,P1,2025-08-11 12:00:00,2025-08-12 08:00:00,20.0
t1_d8_g8,1,8,8,P2,2025-08-21 14:00:00,2025-08-22 01:00:00,11.0
t1_d8_g8,1,8,8,P3,2025-08-25 15:00:00,2025-08-26 08:00:00,17.0
t1_d8_g8,1,8,8,P4,2025-08-28 11:00:00,2025-08-29 10:00:00,23.0
t1_d8_g8,1,8,8,P5,2025-08-30 14:00:00,2025-08-31 17:00:00,27.0
t1_d8_g8,1,8,8,P6,2025-09-01 13:00:00,2025-09-02 13:00:00,24.0
t1_d8_g8,1,8,8,P7,2025-09-04 17:00:00,2025-09-15 05:00:00,252.0
t1_d8_g8,1,8,8,P8,2025-09-17 16:00:00,2025-09-19 09:00:00,41.0
t1_d8_g8,1,8,8,P9,2025-10-05 23:00:00,2025-10-07 13:00:00,38.0
t1_d8_g12,1,8,12,P1,2025-08-11 12:00:00,2025-08-12 08:00:00,20.0
t1_d8_g12,1,8,12,P2,2025-08-21 14:00:00,2025-08-22 01:00:00,11.0
t1_d8_g12,1,8,12,P3,2025-08-25 15:00:00,2025-08-26 08:00:00,17.0
t1_d8_g12,1,8,12,P4,2025-08-28 11:00:00,2025-08-29 10:00:00,23.0
t1_d8_g12,1,8,12,P5,2025-08-30 14:00:00,2025-08-31 17:00:00,27.0
t1_d8_g12,1,8,12,P6,2025-09-01 13:00:00,2025-09-02 13:00:00,24.0
t1_d8_g12,1,8,12,P7,2025-09-04 17:00:00,2025-09-15 05:00:00,252.0
t1_d8_g12,1,8,12,P8,2025-09-17 16:00:00,2025-09-19 09:00:00,41.0
t1_d8_g12,1,8,12,P9,2025-10-05 23:00:00,2025-10-07 13:00:00,38.0
t2_d2_g2,2,2,2,P1,2025-08-11 12:00:00,2025-08-12 07:00:00,19.0
t2_d2_g2,2,2,2,P2,2025-08-14 14:00:00,2025-08-14 18:00:00,4.0
t2_d2_g2,2,2,2,P3,2025-08-16 16:00:00,2025-08-16 19:00:00,3.0
t2_d2_g2,2,2,2,P4,2025-08-16 23:00:00,2025-08-17 01:00:00,2.0
t2_d2_g2,2,2,2,P5,2025-08-21 14:00:00,2025-08-22 01:00:00,11.0
t2_d2_g2,2,2,2,P6,2025-08-25 15:00:00,2025-08-26 08:00:00,17.0
t2_d2_g2,2,2,2,P7,2025-08-28 00:00:00,2025-08-28 03:00:00,3.0
t2_d2_g2,2,2,2,P8,2025-08-28 12:00:00,2025-08-29 09:00:00,21.0
t2_d2_g2,2,2,2,P9,2025-08-30 14:00:00,2025-08-31 17:00:00,27.0
t2_d2_g2,2,2,2,P10,2025-09-01 14:00:00,2025-09-02 13:00:00,23.0
t2_d2_g2,2,2,2,P11,2025-09-04 17:00:00,2025-09-15 04:00:00,251.0
t2_d2_g2,2,2,2,P12,2025-09-17 19:00:00,2025-09-17 21:00:00,2.0
t2_d2_g2,2,2,2,P13,2025-09-18 01:00:00,2025-09-18 03:00:00,2.0
t2_d2_g2,2,2,2,P14,2025-09-18 12:00:00,2025-09-19 08:00:00,20.0
t2_d2_g2,2,2,2,P15,2025-10-06 00:00:00,2025-10-07 13:00:00,37.0
t2_d2_g4,2,2,4,P1,2025-08-11 12:00:00,2025-08-12 07:00:00,19.0
t2_d2_g4,2,2,4,P2,2025-08-14 14:00:00,2025-08-14 18:00:00,4.0
t2_d2_g4,2,2,4,P3,2025-08-16 16:00:00,2025-08-17 01:00:00,9.0
t2_d2_g4,2,2,4,P4,2025-08-21 14:00:00,2025-08-22 01:00:00,11.0
t2_d2_g4,2,2,4,P5,2025-08-25 15:00:00,2025-08-26 08:00:00,17.0
t2_d2_g4,2,2,4,P6,2025-08-28 00:00:00,2025-08-28 03:00:00,3.0
t2_d2_g4,2,2,4,P7,2025-08-28 12:00:00,2025-08-29 09:00:00,21.0
t2_d2_g4,2,2,4,P8,2025-08-30 14:00:00,2025-08-31 17:00:00,27.0
t2_d2_g4,2,2,4,P9,2025-09-01 14:00:00,2025-09-02 13:00:00,23.0
t2_d2_g4,2,2,4,P10,2025-09-04 17:00:00,2025-09-15 04:00:00,251.0
t2_d2_g4,2,2,4,P11,2025-09-17 19:00:00,2025-09-18 03:00:00,8.0
t2_d2_g4,2,2,4,P12,2025-09-18 12:00:00,2025-09-19 08:00:00,20.0
t2_d2_g4,2,2,4,P13,2025-10-06 00:00:00,2025-10-07 13:00:00,37.0
t2_d2_g6,2,2,6,P1,2025-08-11 12:00:00,2025-08-12 07:00:00,19.0
t2_d2_g6,2,2,6,P2,2025-08-14 14:00:00,2025-08-14 18:00:00,4.0
t2_d2_g6,2,2,6,P3,2025-08-16 16:00:00,2025-08-17 01:00:00,9.0
t2_d2_g6,2,2,6,P4,2025-08-21 14:00:00,2025-08-22 01:00:00,11.0
t2_d2_g6,2,2,6,P5,2025-08-25 15:00:00,2025-08-26 08:00:00,17.0
t2_d2_g6,2,2,6,P6,2025-08-28 00:00:00,2025-08-28 03:00:00,3.0
t2_d2_g6,2,2,6,P7,2025-08-28 12:00:00,2025-08-29 09:00:00,21.0
t2_d2_g6,2,2,6,P8,2025-08-30 14:00:00,2025-08-31 17:00:00,27.0
t2_d2_g6,2,2,6,P9,2025-09-01 14:00:00,2025-09-02 13:00:00,23.0
t2_d2_g6,2,2,6,P10,2025-09-04 17:00:00,2025-09-15 04:00:00,251.0
t2_d2_g6,2,2,6,P11,2025-09-17 19:00:00,2025-09-18 03:00:00,8.0
t2_d2_g6,2,2,6,P12,2025-09-18 12:00:00,2025-09-19 08:00:00,20.0
t2_d2_g6,2,2,6,P13,2025-10-06 00:00:00,2025-10-07 13:00:00,37.0
t2_d2_g8,2,2,8,P1,2025-08-11 12:00:00,2025-08-12 07:00:00,19.0
t2_d2_g8,2,2,8,P2,2025-08-14 14:00:00,2025-08-14 18:00:00,4.0
t2_d2_g8,2,2,8,P3,2025-08-16 16:00:00,2025-08-17 01:00:00,9.0
t2_d2_g8,2,2,8,P4,2025-08-21 14:00:00,2025-08-22 01:00:00,11.0
t2_d2_g8,2,2,8,P5,2025-08-25 15:00:00,2025-08-26 08:00:00,17.0
t2_d2_g8,2,2,8,P6,2025-08-28 00:00:00,2025-08-28 03:00:00,3.0
t2_d2_g8,2,2,8,P7,2025-08-28 12:00:00,2025-08-29 09:00:00,21.0
t2_d2_g8,2,2,8,P8,2025-08-30 14:00:00,2025-08-31 17:00:00,27.0
t2_d2_g8,2,2,8,P9,2025-09-01 14:00:00,2025-09-02 13:00:00,23.0
t2_d2_g8,2,2,8,P10,2025-09-04 17:00:00,2025-09-15 04:00:00,251.0
t2_d2_g8,2,2,8,P11,2025-09-17 19:00:00,2025-09-18 03:00:00,8.0
t2_d2_g8,2,2,8,P12,2025-09-18 12:00:00,2025-09-19 08:00:00,20.0
t2_d2_g8,2,2,8,P13,2025-10-06 00:00:00,2025-10-07 13:00:00,37.0
t2_d2_g12,2,2,12,P1,2025-08-11 12:00:00,2025-08-12 07:00:00,19.0
t2_d2_g12,2,2,12,P2,2025-08-14 14:00:00,2025-08-14 18:00:00,4.0
t2_d2_g12,2,2,12,P3,2025-08-16 16:00:00,2025-08-17 01:00:00,9.0
t2_d2_g12,2,2,12,P4,2025-08-21 14:00:00,2025-08-22 01:00:00,11.0
t2_d2_g12,2,2,12,P5,2025-08-25 15:00:00,2025-08-26 08:00:00,17.0
t2_d2_g12,2,2,12,P6,2025-08-28 00:00:00,2025-08-29 09:00:00,33.0
t2_d2_g12,2,2,12,P7,2025-08-30 14:00:00,2025-08-31 17:00:00,27.0
t2_d2_g12,2,2,12,P8,2025-09-01 14:00:00,2025-09-02 13:00:00,23.0
t2_d2_g12,2,2,12,P9,2025-09-04 17:00:00,2025-09-15 04:00:00,251.0
t2_d2_g12,2,2,12,P10,2025-09-17 19:00:00,2025-09-19 08:00:00,37.0
t2_d2_g12,2,2,12,P11,2025-10-06 00:00:00,2025-10-07 13:00:00,37.0
t2_d4_g2,2,4,2,P1,2025-08-11 12:00:00,2025-08-12 07:00:00,19.0
t2_d4_g2,2,4,2,P2,2025-08-14 14:00:00,2025-08-14 18:00:00,4.0
t2_d4_g2,2,4,2,P3,2025-08-21 14:00:00,2025-08-22 01:00:00,11.0
t2_d4_g2,2,4,2,P4,2025-08-25 15:00:00,2025-08-26 08:00:00,17.0
t2_d4_g2,2,4,2,P5,2025-08-28 12:00:00,2025-08-29 09:00:00,21.0
t2_d4_g2,2,4,2,P6,2025-08-30 14:00:00,2025-08-31 17:00:00,27.0
t2_d4_g2,2,4,2,P7,2025-09-01 14:00:00,2025-09-02 13:00:00,23.0
t2_d4_g2,2,4,2,P8,2025-09-04 17:00:00,2025-09-05 21:00:00,28.0
t2_d4_g2,2,4,2,P9,2025-09-06 02:00:00,2025-09-15 04:00:00,218.0
t2_d4_g2,2,4,2,P10,2025-09-18 12:00:00,2025-09-19 08:00:00,20.0
t2_d4_g2,2,4,2,P11,2025-10-06 00:00:00,2025-10-07 13:00:00,37.0
t2_d4_g4,2,4,4,P1,2025-08-11 12:00:00,2025-08-12 07:00:00,19.0
t2_d4_g4,2,4,4,P2,2025-08-14 14:00:00,2025-08-14 18:00:00,4.0
t2_d4_g4,2,4,4,P3,2025-08-21 14:00:00,2025-08-22 01:00:00,11.0
t2_d4_g4,2,4,4,P4,2025-08-25 15:00:00,2025-08-26 08:00:00,17.0
t2_d4_g4,2,4,4,P5,2025-08-28 12:00:00,2025-08-29 09:00:00,21.0
t2_d4_g4,2,4,4,P6,2025-08-30 14:00:00,2025-08-31 17:00:00,27.0
t2_d4_g4,2,4,4,P7,2025-09-01 14:00:00,2025-09-02 13:00:00,23.0
t2_d4_g4,2,4,4,P8,2025-09-04 17:00:00,2025-09-05 21:00:00,28.0
t2_d4_g4,2,4,4,P9,2025-09-06 02:00:00,2025-09-15 04:00:00,218.0
t2_d4_g4,2,4,4,P10,2025-09-18 12:00:00,2025-09-19 08:00:00,20.0
t2_d4_g4,2,4,4,P11,2025-10-06 00:00:00,2025-10-07 13:00:00,37.0
t2_d4_g6,2,4,6,P1,2025-08-11 12:00:00,2025-08-12 07:00:00,19.0
t2_d4_g6,2,4,6,P2,2025-08-14 14:00:00,2025-08-14 18:00:00,4.0
t2_d4_g6,2,4,6,P3,2025-08-21 14:00:00,2025-08-22 01:00:00,11.0
t2_d4_g6,2,4,6,P4,2025-08-25 15:00:00,2025-08-26 08:00:00,17.0
t2_d4_g6,2,4,6,P5,2025-08-28 12:00:00,2025-08-29 09:00:00,21.0
t2_d4_g6,2,4,6,P6,2025-08-30 14:00:00,2025-08-31 17:00:00,27.0
t2_d4_g6,2,4,6,P7,2025-09-01 14:00:00,2025-09-02 13:00:00,23.0
t2_d4_g6,2,4,6,P8,2025-09-04 17:00:00,2025-09-15 04:00:00,251.0
t2_d4_g6,2,4,6,P9,2025-09-18 12:00:00,2025-09-19 08:00:00,20.0
t2_d4_g6,2,4,6,P10,2025-10-06 00:00:00,2025-10-07 13:00:00,37.0
t2_d4_g8,2,4,8,P1,2025-08-11 12:00:00,2025-08-12 07:00:00,19.0
t2_d4_g8,2,4,8,P2,2025-08-14 14:00:00,2025-08-14 18:00:00,4.0
t2_d4_g8,2,4,8,P3,2025-08-21 14:00:00,2025-08-22 01:00:00,11.0
t2_d4_g8,2,4,8,P4,2025-08-25 15:00:00,2025-08-26 08:00:00,17.0
t2_d4_g8,2,4,8,P5,2025-08-28 12:00:00,2025-08-29 09:00:00,21.0
t2_d4_g8,2,4,8,P6,2025-08-30 14:00:00,2025-08-31 17:00:00,27.0
t2_d4_g8,2,4,8,P7,2025-09-01 14:00:00,2025-09-02 13:00:00,23.0
t2_d4_g8,2,4,8,P8,2025-09-04 17:00:00,2025-09-15 04:00:00,251.0
t2_d4_g8,2,4,8,P9,2025-09-18 12:00:00,2025-09-19 08:00:00,20.0
t2_d4_g8,2,4,8,P10,2025-10-06 00:00:00,2025-10-07 13:00:00,37.0
t2_d4_g12,2,4,12,P1,2025-08-11 12:00:00,2025-08-12 07:00:00,19.0
t2_d4_g12,2,4,12,P2,2025-08-14 14:00:00,2025-08-14 18:00:00,4.0
t2_d4_g12,2,4,12,P3,2025-08-21 14:00:00,2025-08-22 01:00:00,11.0
t2_d4_g12,2,4,12,P4,2025-08-25 15:00:00,2025-08-26 08:00:00,17.0
t2_d4_g12,2,4,12,P5,2025-08-28 12:00:00,2025-08-29 09:00:00,21.0
t2_d4_g12,2,4,12,P6,2025-08-30 14:00:00,2025-08-31 17:00:00,27.0
t2_d4_g12,2,4,12,P7,2025-09-01 14:00:00,2025-09-02 13:00:00,23.0
t2_d4_g12,2,4,12,P8,2025-09-04 17:00:00,2025-09-15 04:00:00,251.0
t2_d4_g12,2,4,12,P9,2025-09-18 12:00:00,2025-09-19 08:00:00,20.0
t2_d4_g12,2,4,12,P10,2025-10-06 00:00:00,2025-10-07 13:00:00,37.0
t2_d6_g2,2,6,2,P1,2025-08-11 12:00:00,2025-08-12 07:00:00,19.0
t2_d6_g2,2,6,2,P2,2025-08-21 14:00:00,2025-08-22 01:00:00,11.0
t2_d6_g2,2,6,2,P3,2025-08-25 15:00:00,2025-08-26 08:00:00,17.0
t2_d6_g2,2,6,2,P4,2025-08-28 12:00:00,2025-08-29 09:00:00,21.0
t2_d6_g2,2,6,2,P5,2025-08-30 14:00:00,2025-08-31 17:00:00,27.0
t2_d6_g2,2,6,2,P6,2025-09-01 14:00:00,2025-09-02 13:00:00,23.0
t2_d6_g2,2,6,2,P7,2025-09-04 17:00:00,2025-09-05 21:00:00,28.0
t2_d6_g2,2,6,2,P8,2025-09-06 02:00:00,2025-09-15 04:00:00,218.0
t2_d6_g2,2,6,2,P9,2025-09-18 12:00:00,2025-09-19 08:00:00,20.0
t2_d6_g2,2,6,2,P10,2025-10-06 06:00:00,2025-10-07 13:00:00,31.0
t2_d6_g4,2,6,4,P1,2025-08-11 12:00:00,2025-08-12 07:00:00,19.0
t2_d6_g4,2,6,4,P2,2025-08-21 14:00:00,2025-08-22 01:00:00,11.0
t2_d6_g4,2,6,4,P3,2025-08-25 15:00:00,2025-08-26 08:00:00,17.0
t2_d6_g4,2,6,4,P4,2025-08-28 12:00:00,2025-08-29 09:00:00,21.0
t2_d6_g4,2,6,4,P5,2025-08-30 14:00:00,2025-08-31 17:00:00,27.0
t2_d6_g4,2,6,4,P6,2025-09-01 14:00:00,2025-09-02 13:00:00,23.0
t2_d6_g4,2,6,4,P7,2025-09-04 17:00:00,2025-09-05 21:00:00,28.0
t2_d6_g4,2,6,4,P8,2025-09-06 02:00:00,2025-09-15 04:00:00,218.0
t2_d6_g4,2,6,4,P9,2025-09-18 12:00:00,2025-09-19 08:00:00,20.0
t2_d6_g4,2,6,4,P10,2025-10-06 06:00:00,2025-10-07 13:00:00,31.0
t2_d6_g6,2,6,6,P1,2025-08-11 12:00:00,2025-08-12 07:00:00,19.0
t2_d6_g6,2,6,6,P2,2025-08-21 14:00:00,2025-08-22 01:00:00,11.0
t2_d6_g6,2,6,6,P3,2025-08-25 15:00:00,2025-08-26 08:00:00,17.0
t2_d6_g6,2,6,6,P4,2025-08-28 12:00:00,2025-08-29 09:00:00,21.0
t2_d6_g6,2,6,6,P5,2025-08-30 14:00:00,2025-08-31 17:00:00,27.0
t2_d6_g6,2,6,6,P6,2025-09-01 14:00:00,2025-09-02 13:00:00,23.0
t2_d6_g6,2,6,6,P7,2025-09-04 17:00:00,2025-09-15 04:00:00,251.0
t2_d6_g6,2,6,6,P8,2025-09-18 12:00:00,2025-09-19 08:00:00,20.0
t2_d6_g6,2,6,6,P9,2025-10-06 06:00:00,2025-10-07 13:00:00,31.0
t2_d6_g8,2,6,8,P1,2025-08-11 12:00:00,2025-08-12 07:00:00,19.0
t2_d6_g8,2,6,8,P2,2025-08-21 14:00:00,2025-08-22 01:00:00,11.0
t2_d6_g8,2,6,8,P3,2025-08-25 15:00:00,2025-08-26 08:00:00,17.0
t2_d6_g8,2,6,8,P4,2025-08-28 12:00:00,2025-08-29 09:00:00,21.0
t2_d6_g8,2,6,8,P5,2025-08-30 14:00:00,2025-08-31 17:00:00,27.0
t2_d6_g8,2,6,8,P6,2025-09-01 14:00:00,2025-09-02 13:00:00,23.0
t2_d6_g8,2,6,8,P7,2025-09-04 17:00:00,2025-09-15 04:00:00,251.0
t2_d6_g8,2,6,8,P8,2025-09-18 12:00:00,2025-09-19 08:00:00,20.0
t2_d6_g8,2,6,8,P9,2025-10-06 06:00:00,2025-10-07 13:00:00,31.0
t2_d6_g12,2,6,12,P1,2025-08-11 12:00:00,2025-08-12 07:00:00,19.0
t2_d6_g12,2,6,12,P2,2025-08-21 14:00:00,2025-08-22 01:00:00,11.0
t2_d6_g12,2,6,12,P3,2025-08-25 15:00:00,2025-08-26 08:00:00,17.0
t2_d6_g12,2,6,12,P4,2025-08-28 12:00:00,2025-08-29 09:00:00,21.0
t2_d6_g12,2,6,12,P5,2025-08-30 14:00:00,2025-08-31 17:00:00,27.0
t2_d6_g12,2,6,12,P6,2025-09-01 14:00:00,2025-09-02 13:00:00,23.0
t2_d6_g12,2,6,12,P7,2025-09-04 17:00:00,2025-09-15 04:00:00,251.0
t2_d6_g12,2,6,12,P8,2025-09-18 12:00:00,2025-09-19 08:00:00,20.0
t2_d6_g12,2,6,12,P9,2025-10-06 06:00:00,2025-10-07 13:00:00,31.0
t2_d8_g2,2,8,2,P1,2025-08-11 12:00:00,2025-08-12 07:00:00,19.0
t2_d8_g2,2,8,2,P2,2025-08-21 14:00:00,2025-08-22 01:00:00,11.0
t2_d8_g2,2,8,2,P3,2025-08-25 15:00:00,2025-08-26 08:00:00,17.0
t2_d8_g2,2,8,2,P4,2025-08-28 12:00:00,2025-08-29 09:00:00,21.0
t2_d8_g2,2,8,2,P5,2025-08-30 14:00:00,2025-08-31 17:00:00,27.0
t2_d8_g2,2,8,2,P6,2025-09-01 14:00:00,2025-09-02 13:00:00,23.0
t2_d8_g2,2,8,2,P7,2025-09-04 17:00:00,2025-09-05 21:00:00,28.0
t2_d8_g2,2,8,2,P8,2025-09-06 02:00:00,2025-09-08 01:00:00,47.0
t2_d8_g2,2,8,2,P9,2025-09-08 10:00:00,2025-09-15 04:00:00,162.0
t2_d8_g2,2,8,2,P10,2025-09-18 12:00:00,2025-09-19 08:00:00,20.0
t2_d8_g2,2,8,2,P11,2025-10-06 06:00:00,2025-10-07 13:00:00,31.0
t2_d8_g4,2,8,4,P1,2025-08-11 12:00:00,2025-08-12 07:00:00,19.0
t2_d8_g4,2,8,4,P2,2025-08-21 14:00:00,2025-08-22 01:00:00,11.0
t2_d8_g4,2,8,4,P3,2025-08-25 15:00:00,2025-08-26 08:00:00,17.0
t2_d8_g4,2,8,4,P4,2025-08-28 12:00:00,2025-08-29 09:00:00,21.0
t2_d8_g4,2,8,4,P5,2025-08-30 14:00:00,2025-08-31 17:00:00,27.0
t2_d8_g4,2,8,4,P6,2025-09-01 14:00:00,2025-09-02 13:00:00,23.0
t2_d8_g4,2,8,4,P7,2025-09-04 17:00:00,2025-09-05 21:00:00,28.0
t2_d8_g4,2,8,4,P8,2025-09-06 02:00:00,2025-09-08 01:00:00,47.0
t2_d8_g4,2,8,4,P9,2025-09-08 10:00:00,2025-09-15 04:00:00,162.0
t2_d8_g4,2,8,4,P10,2025-09-18 12:00:00,2025-09-19 08:00:00,20.0
t2_d8_g4,2,8,4,P11,2025-10-06 06:00:00,2025-10-07 13:00:00,31.0
t2_d8_g6,2,8,6,P1,2025-08-11 12:00:00,2025-08-12 07:00:00,19.0
t2_d8_g6,2,8,6,P2,2025-08-21 14:00:00,2025-08-22 01:00:00,11.0
t2_d8_g6,2,8,6,P3,2025-08-25 15:00:00,2025-08-26 08:00:00,17.0
t2_d8_g6,2,8,6,P4,2025-08-28 12:00:00,2025-08-29 09:00:00,21.0
t2_d8_g6,2,8,6,P5,2025-08-30 14:00:00,2025-08-31 17:00:00,27.0
t2_d8_g6,2,8,6,P6,2025-09-01 14:00:00,2025-09-02 13:00:00,23.0
t2_d8_g6,2,8,6,P7,2025-09-04 17:00:00,2025-09-08 01:00:00,80.0
t2_d8_g6,2,8,6,P8,2025-09-08 10:00:00,2025-09-15 04:00:00,162.0
t2_d8_g6,2,8,6,P9,2025-09-18 12:00:00,2025-09-19 08:00:00,20.0
t2_d8_g6,2,8,6,P10,2025-10-06 06:00:00,2025-10-07 13:00:00,31.0
t2_d8_g8,2,8,8,P1,2025-08-11 12:00:00,2025-08-12 07:00:00,19.0
t2_d8_g8,2,8,8,P2,2025-08-21 14:00:00,2025-08-22 01:00:00,11.0
t2_d8_g8,2,8,8,P3,2025-08-25 15:00:00,2025-08-26 08:00:00,17.0
t2_d8_g8,2,8,8,P4,2025-08-28 12:00:00,2025-08-29 09:00:00,21.0
t2_d8_g8,2,8,8,P5,2025-08-30 14:00:00,2025-08-31 17:00:00,27.0
t2_d8_g8,2,8,8,P6,2025-09-01 14:00:00,2025-09-02 13:00:00,23.0
t2_d8_g8,2,8,8,P7,2025-09-04 17:00:00,2025-09-08 01:00:00,80.0
t2_d8_g8,2,8,8,P8,2025-09-08 10:00:00,2025-09-15 04:00:00,162.0
t2_d8_g8,2,8,8,P9,2025-09-18 12:00:00,2025-09-19 08:00:00,20.0
t2_d8_g8,2,8,8,P10,2025-10-06 06:00:00,2025-10-07 13:00:00,31.0
t2_d8_g12,2,8,12,P1,2025-08-11 12:00:00,2025-08-12 07:00:00,19.0
t2_d8_g12,2,8,12,P2,2025-08-21 14:00:00,2025-08-22 01:00:00,11.0
t2_d8_g12,2,8,12,P3,2025-08-25 15:00:00,2025-08-26 08:00:00,17.0
t2_d8_g12,2,8,12,P4,2025-08-28 12:00:00,2025-08-29 09:00:00,21.0
t2_d8_g12,2,8,12,P5,2025-08-30 14:00:00,2025-08-31 17:00:00,27.0
t2_d8_g12,2,8,12,P6,2025-09-01 14:00:00,2025-09-02 13:00:00,23.0
t2_d8_g12,2,8,12,P7,2025-09-04 17:00:00,2025-09-15 04:00:00,251.0
t2_d8_g12,2,8,12,P8,2025-09-18 12:00:00,2025-09-19 08:00:00,20.0
t2_d8_g12,2,8,12,P9,2025-10-06 06:00:00,2025-10-07 13:00:00,31.0
t3_d2_g2,3,2,2,P1,2025-08-11 14:00:00,2025-08-12 07:00:00,17.0
t3_d2_g2,3,2,2,P2,2025-08-14 14:00:00,2025-08-14 17:00:00,3.0
t3_d2_g2,3,2,2,P3,2025-08-16 17:00:00,2025-08-16 19:00:00,2.0
t3_d2_g2,3,2,2,P4,2025-08-16 23:00:00,2025-08-17 01:00:00,2.0
t3_d2_g2,3,2,2,P5,2025-08-21 15:00:00,2025-08-22 01:00:00,10.0
t3_d2_g2,3,2,2,P6,2025-08-25 18:00:00,2025-08-26 08:00:00,14.0
t3_d2_g2,3,2,2,P7,2025-08-28 00:00:00,2025-08-28 03:00:00,3.0
t3_d2_g2,3,2,2,P8,2025-08-28 12:00:00,2025-08-29 09:00:00,21.0
t3_d2_g2,3,2,2,P9,2025-08-30 15:00:00,2025-08-31 15:00:00,24.0
t3_d2_g2,3,2,2,P10,2025-09-01 14:00:00,2025-09-02 12:00:00,22.0
t3_d2_g2,3,2,2,P11,2025-09-04 17:00:00,2025-09-07 23:00:00,78.0
t3_d2_g2,3,2,2,P12,2025-09-08 02:00:00,2025-09-10 06:00:00,52.0
t3_d2_g2,3,2,2,P13,2025-09-10 09:00:00,2025-09-10 22:00:00,13.0
t3_d2_g2,3,2,2,P14,2025-09-11 01:00:00,2025-09-14 13:00:00,84.0
t3_d2_g2,3,2,2,P15,2025-09-14 17:00:00,2025-09-15 04:00:00,11.0
t3_d2_g2,3,2,2,P16,2025-09-17 19:00:00,2025-09-17 21:00:00,2.0
t3_d2_g2,3,2,2,P17,2025-09-18 12:00:00,2025-09-19 08:00:00,20.0
t3_d2_g2,3,2,2,P18,2025-10-06 00:00:00,2025-10-06 03:00:00,3.0
t3_d2_g2,3,2,2,P19,2025-10-06 11:00:00,2025-10-07 13:00:00,26.0
t3_d2_g4,3,2,4,P1,2025-08-11 14:00:00,2025-08-12 07:00:00,17.0
t3_d2_g4,3,2,4,P2,2025-08-14 14:00:00,2025-08-14 17:00:00,3.0
t3_d2_g4,3,2,4,P3,2025-08-16 17:00:00,2025-08-17 01:00:00,8.0
t3_d2_g4,3,2,4,P4,2025-08-21 15:00:00,2025-08-22 01:00:00,10.0
t3_d2_g4,3,2,4,P5,2025-08-25 18:00:00,2025-08-26 08:00:00,14.0
t3_d2_g4,3,2,4,P6,2025-08-28 00:00:00,2025-08-28 03:00:00,3.0
t3_d2_g4,3,2,4,P7,2025-08-28 12:00:00,2025-08-29 09:00:00,21.0
t3_d2_g4,3,2,4,P8,2025-08-30 15:00:00,2025-08-31 15:00:00,24.0
t3_d2_g4,3,2,4,P9,2025-09-01 14:00:00,2025-09-02 12:00:00,22.0
t3_d2_g4,3,2,4,P10,2025-09-04 17:00:00,2025-09-15 04:00:00,251.0
t3_d2_g4,3,2,4,P11,2025-09-17 19:00:00,2025-09-17 21:00:00,2.0
t3_d2_g4,3,2,4,P12,2025-09-18 12:00:00,2025-09-19 08:00:00,20.0
t3_d2_g4,3,2,4,P13,2025-10-06 00:00:00,2025-10-06 03:00:00,3.0
t3_d2_g4,3,2,4,P14,2025-10-06 11:00:00,2025-10-07 13:00:00,26.0
t3_d2_g6,3,2,6,P1,2025-08-11 14:00:00,2025-08-12 07:00:00,17.0
t3_d2_g6,3,2,6,P2,2025-08-14 14:00:00,2025-08-14 17:00:00,3.0
t3_d2_g6,3,2,6,P3,2025-08-16 17:00:00,2025-08-17 01:00:00,8.0
t3_d2_g6,3,2,6,P4,2025-08-21 15:00:00,2025-08-22 01:00:00,10.0
t3_d2_g6,3,2,6,P5,2025-08-25 18:00:00,2025-08-26 08:00:00,14.0
t3_d2_g6,3,2,6,P6,2025-08-28 00:00:00,2025-08-28 03:00:00,3.0
t3_d2_g6,3,2,6,P7,2025-08-28 12:00:00,2025-08-29 09:00:00,21.0
t3_d2_g6,3,2,6,P8,2025-08-30 15:00:00,2025-08-31 15:00:00,24.0
t3_d2_g6,3,2,6,P9,2025-09-01 14:00:00,2025-09-02 12:00:00,22.0
t3_d2_g6,3,2,6,P10,2025-09-04 17:00:00,2025-09-15 04:00:00,251.0
t3_d2_g6,3,2,6,P11,2025-09-17 19:00:00,2025-09-17 21:00:00,2.0
t3_d2_g6,3,2,6,P12,2025-09-18 12:00:00,2025-09-19 08:00:00,20.0
t3_d2_g6,3,2,6,P13,2025-10-06 00:00:00,2025-10-06 03:00:00,3.0
t3_d2_g6,3,2,6,P14,2025-10-06 11:00:00,2025-10-07 13:00:00,26.0
t3_d2_g8,3,2,8,P1,2025-08-11 14:00:00,2025-08-12 07:00:00,17.0
t3_d2_g8,3,2,8,P2,2025-08-14 14:00:00,2025-08-14 17:00:00,3.0
t3_d2_g8,3,2,8,P3,2025-08-16 17:00:00,2025-08-17 01:00:00,8.0
t3_d2_g8,3,2,8,P4,2025-08-21 15:00:00,2025-08-22 01:00:00,10.0
t3_d2_g8,3,2,8,P5,2025-08-25 18:00:00,2025-08-26 08:00:00,14.0
t3_d2_g8,3,2,8,P6,2025-08-28 00:00:00,2025-08-28 03:00:00,3.0
t3_d2_g8,3,2,8,P7,2025-08-28 12:00:00,2025-08-29 09:00:00,21.0
t3_d2_g8,3,2,8,P8,2025-08-30 15:00:00,2025-08-31 15:00:00,24.0
t3_d2_g8,3,2,8,P9,2025-09-01 14:00:00,2025-09-02 12:00:00,22.0
t3_d2_g8,3,2,8,P10,2025-09-04 17:00:00,2025-09-15 04:00:00,251.0
t3_d2_g8,3,2,8,P11,2025-09-17 19:00:00,2025-09-17 21:00:00,2.0
t3_d2_g8,3,2,8,P12,2025-09-18 12:00:00,2025-09-19 08:00:00,20.0
t3_d2_g8,3,2,8,P13,2025-10-06 00:00:00,2025-10-07 13:00:00,37.0
t3_d2_g12,3,2,12,P1,2025-08-11 14:00:00,2025-08-12 07:00:00,17.0
t3_d2_g12,3,2,12,P2,2025-08-14 14:00:00,2025-08-14 17:00:00,3.0
t3_d2_g12,3,2,12,P3,2025-08-16 17:00:00,2025-08-17 01:00:00,8.0
t3_d2_g12,3,2,12,P4,2025-08-21 15:00:00,2025-08-22 01:00:00,10.0
t3_d2_g12,3,2,12,P5,2025-08-25 18:00:00,2025-08-26 08:00:00,14.0
t3_d2_g12,3,2,12,P6,2025-08-28 00:00:00,2025-08-29 09:00:00,33.0
t3_d2_g12,3,2,12,P7,2025-08-30 15:00:00,2025-08-31 15:00:00,24.0
t3_d2_g12,3,2,12,P8,2025-09-01 14:00:00,2025-09-02 12:00:00,22.0
t3_d2_g12,3,2,12,P9,2025-09-04 17:00:00,2025-09-15 04:00:00,251.0
t3_d2_g12,3,2,12,P10,2025-09-17 19:00:00,2025-09-17 21:00:00,2.0
t3_d2_g12,3,2,12,P11,2025-09-18 12:00:00,2025-09-19 08:00:00,20.0
t3_d2_g12,3,2,12,P12,2025-10-06 00:00:00,2025-10-07 13:00:00,37.0
t3_d4_g2,3,4,2,P1,2025-08-11 14:00:00,2025-08-12 07:00:00,17.0
t3_d4_g2,3,4,2,P2,2025-08-21 15:00:00,2025-08-21 22:00:00,7.0
t3_d4_g2,3,4,2,P3,2025-08-25 18:00:00,2025-08-26 08:00:00,14.0
t3_d4_g2,3,4,2,P4,2025-08-28 12:00:00,2025-08-29 09:00:00,21.0
t3_d4_g2,3,4,2,P5,2025-08-30 15:00:00,2025-08-31 15:00:00,24.0
t3_d4_g2,3,4,2,P6,2025-09-01 14:00:00,2025-09-02 12:00:00,22.0
t3_d4_g2,3,4,2,P7,2025-09-04 17:00:00,2025-09-05 21:00:00,28.0
t3_d4_g2,3,4,2,P8,2025-09-06 02:00:00,2025-09-07 23:00:00,45.0
t3_d4_g2,3,4,2,P9,2025-09-08 05:00:00,2025-09-09 15:00:00,34.0
t3_d4_g2,3,4,2,P10,2025-09-10 02:00:00,2025-09-10 06:00:00,4.0
t3_d4_g2,3,4,2,P11,2025-09-10 09:00:00,2025-09-10 22:00:00,13.0
t3_d4_g2,3,4,2,P12,2025-09-11 01:00:00,2025-09-14 13:00:00,84.0
t3_d4_g2,3,4,2,P13,2025-09-14 17:00:00,2025-09-15 04:00:00,11.0
t3_d4_g2,3,4,2,P14,2025-09-18 12:00:00,2025-09-19 08:00:00,20.0
t3_d4_g2,3,4,2,P15,2025-10-06 11:00:00,2025-10-07 13:00:00,26.0
t3_d4_g4,3,4,4,P1,2025-08-11 14:00:00,2025-08-12 07:00:00,17.0
t3_d4_g4,3,4,4,P2,2025-08-21 15:00:00,2025-08-21 22:00:00,7.0
t3_d4_g4,3,4,4,P3,2025-08-25 18:00:00,2025-08-26 08:00:00,14.0
t3_d4_g4,3,4,4,P4,2025-08-28 12:00:00,2025-08-29 09:00:00,21.0
t3_d4_g4,3,4,4,P5,2025-08-30 15:00:00,2025-08-31 15:00:00,24.0
t3_d4_g4,3,4,4,P6,2025-09-01 14:00:00,2025-09-02 12:00:00,22.0
t3_d4_g4,3,4,4,P7,2025-09-04 17:00:00,2025-09-05 21:00:00,28.0
t3_d4_g4,3,4,4,P8,2025-09-06 02:00:00,2025-09-07 23:00:00,45.0
t3_d4_g4,3,4,4,P9,2025-09-08 05:00:00,2025-09-09 15:00:00,34.0
t3_d4_g4,3,4,4,P10,2025-09-10 02:00:00,2025-09-15 04:00:00,122.0
t3_d4_g4,3,4,4,P11,2025-09-18 12:00:00,2025-09-19 08:00:00,20.0
t3_d4_g4,3,4,4,P12,2025-10-06 11:00:00,2025-10-07 13:00:00,26.0
t3_d4_g6,3,4,6,P1,2025-08-11 14:00:00,2025-08-12 07:00:00,17.0
t3_d4_g6,3,4,6,P2,2025-08-21 15:00:00,2025-08-21 22:00:00,7.0
t3_d4_g6,3,4,6,P3,2025-08-25 18:00:00,2025-08-26 08:00:00,14.0
t3_d4_g6,3,4,6,P4,2025-08-28 12:00:00,2025-08-29 09:00:00,21.0
t3_d4_g6,3,4,6,P5,2025-08-30 15:00:00,2025-08-31 15:00:00,24.0
t3_d4_g6,3,4,6,P6,2025-09-01 14:00:00,2025-09-02 12:00:00,22.0
t3_d4_g6,3,4,6,P7,2025-09-04 17:00:00,2025-09-09 15:00:00,118.0
t3_d4_g6,3,4,6,P8,2025-09-10 02:00:00,2025-09-15 04:00:00,122.0
t3_d4_g6,3,4,6,P9,2025-09-18 12:00:00,2025-09-19 08:00:00,20.0
t3_d4_g6,3,4,6,P10,2025-10-06 11:00:00,2025-10-07 13:00:00,26.0
t3_d4_g8,3,4,8,P1,2025-08-11 14:00:00,2025-08-12 07:00:00,17.0
t3_d4_g8,3,4,8,P2,2025-08-21 15:00:00,2025-08-21 22:00:00,7.0
t3_d4_g8,3,4,8,P3,2025-08-25 18:00:00,2025-08-26 08:00:00,14.0
t3_d4_g8,3,4,8,P4,2025-08-28 12:00:00,2025-08-29 09:00:00,21.0
t3_d4_g8,3,4,8,P5,2025-08-30 15:00:00,2025-08-31 15:00:00,24.0
t3_d4_g8,3,4,8,P6,2025-09-01 14:00:00,2025-09-02 12:00:00,22.0
t3_d4_g8,3,4,8,P7,2025-09-04 17:00:00,2025-09-09 15:00:00,118.0
t3_d4_g8,3,4,8,P8,2025-09-10 02:00:00,2025-09-15 04:00:00,122.0
t3_d4_g8,3,4,8,P9,2025-09-18 12:00:00,2025-09-19 08:00:00,20.0
t3_d4_g8,3,4,8,P10,2025-10-06 11:00:00,2025-10-07 13:00:00,26.0
t3_d4_g12,3,4,12,P1,2025-08-11 14:00:00,2025-08-12 07:00:00,17.0
t3_d4_g12,3,4,12,P2,2025-08-21 15:00:00,2025-08-21 22:00:00,7.0
t3_d4_g12,3,4,12,P3,2025-08-25 18:00:00,2025-08-26 08:00:00,14.0
t3_d4_g12,3,4,12,P4,2025-08-28 12:00:00,2025-08-29 09:00:00,21.0
t3_d4_g12,3,4,12,P5,2025-08-30 15:00:00,2025-08-31 15:00:00,24.0
t3_d4_g12,3,4,12,P6,2025-09-01 14:00:00,2025-09-02 12:00:00,22.0
t3_d4_g12,3,4,12,P7,2025-09-04 17:00:00,2025-09-15 04:00:00,251.0
t3_d4_g12,3,4,12,P8,2025-09-18 12:00:00,2025-09-19 08:00:00,20.0
t3_d4_g12,3,4,12,P9,2025-10-06 11:00:00,2025-10-07 13:00:00,26.0
t3_d6_g2,3,6,2,P1,2025-08-11 14:00:00,2025-08-12 07:00:00,17.0
t3_d6_g2,3,6,2,P2,2025-08-21 15:00:00,2025-08-21 22:00:00,7.0
t3_d6_g2,3,6,2,P3,2025-08-25 18:00:00,2025-08-26 08:00:00,14.0
t3_d6_g2,3,6,2,P4,2025-08-28 12:00:00,2025-08-29 09:00:00,21.0
t3_d6_g2,3,6,2,P5,2025-08-30 15:00:00,2025-08-31 15:00:00,24.0
t3_d6_g2,3,6,2,P6,2025-09-01 14:00:00,2025-09-02 12:00:00,22.0
t3_d6_g2,3,6,2,P7,2025-09-04 17:00:00,2025-09-05 21:00:00,28.0
t3_d6_g2,3,6,2,P8,2025-09-06 02:00:00,2025-09-07 23:00:00,45.0
t3_d6_g2,3,6,2,P9,2025-09-08 10:00:00,2025-09-09 15:00:00,29.0
t3_d6_g2,3,6,2,P10,2025-09-10 09:00:00,2025-09-10 16:00:00,7.0
t3_d6_g2,3,6,2,P11,2025-09-11 01:00:00,2025-09-14 13:00:00,84.0
t3_d6_g2,3,6,2,P12,2025-09-14 17:00:00,2025-09-15 04:00:00,11.0
t3_d6_g2,3,6,2,P13,2025-09-18 12:00:00,2025-09-19 08:00:00,20.0
t3_d6_g2,3,6,2,P14,2025-10-06 11:00:00,2025-10-07 13:00:00,26.0
t3_d6_g4,3,6,4,P1,2025-08-11 14:00:00,2025-08-12 07:00:00,17.0
t3_d6_g4,3,6,4,P2,2025-08-21 15:00:00,2025-08-21 22:00:00,7.0
t3_d6_g4,3,6,4,P3,2025-08-25 18:00:00,2025-08-26 08:00:00,14.0
t3_d6_g4,3,6,4,P4,2025-08-28 12:00:00,2025-08-29 09:00:00,21.0
t3_d6_g4,3,6,4,P5,2025-08-30 15:00:00,2025-08-31 15:00:00,24.0
t3_d6_g4,3,6,4,P6,2025-09-01 14:00:00,2025-09-02 12:00:00,22.0
t3_d6_g4,3,6,4,P7,2025-09-04 17:00:00,2025-09-05 21:00:00,28.0
t3_d6_g4,3,6,4,P8,2025-09-06 02:00:00,2025-09-07 23:00:00,45.0
t3_d6_g4,3,6,4,P9,2025-09-08 10:00:00,2025-09-09 15:00:00,29.0
t3_d6_g4,3,6,4,P10,2025-09-10 09:00:00,2025-09-10 16:00:00,7.0
t3_d6_g4,3,6,4,P11,2025-09-11 01:00:00,2025-09-15 04:00:00,99.0
t3_d6_g4,3,6,4,P12,2025-09-18 12:00:00,2025-09-19 08:00:00,20.0
t3_d6_g4,3,6,4,P13,2025-10-06 11:00:00,2025-10-07 13:00:00,26.0
t3_d6_g6,3,6,6,P1,2025-08-11 14:00:00,2025-08-12 07:00:00,17.0
t3_d6_g6,3,6,6,P2,2025-08-21 15:00:00,2025-08-21 22:00:00,7.0
t3_d6_g6,3,6,6,P3,2025-08-25 18:00:00,2025-08-26 08:00:00,14.0
t3_d6_g6,3,6,6,P4,2025-08-28 12:00:00,2025-08-29 09:00:00,21.0
t3_d6_g6,3,6,6,P5,2025-08-30 15:00:00,2025-08-31 15:00:00,24.0
t3_d6_g6,3,6,6,P6,2025-09-01 14:00:00,2025-09-02 12:00:00,22.0
t3_d6_g6,3,6,6,P7,2025-09-04 17:00:00,2025-09-07 23:00:00,78.0
t3_d6_g6,3,6,6,P8,2025-09-08 10:00:00,2025-09-09 15:00:00,29.0
t3_d6_g6,3,6,6,P9,2025-09-10 09:00:00,2025-09-10 16:00:00,7.0
t3_d6_g6,3,6,6,P10,2025-09-11 01:00:00,2025-09-15 04:00:00,99.0
t3_d6_g6,3,6,6,P11,2025-09-18 12:00:00,2025-09-19 08:00:00,20.0
t3_d6_g6,3,6,6,P12,2025-10-06 11:00:00,2025-10-07 13:00:00,26.0
t3_d6_g8,3,6,8,P1,2025-08-11 14:00:00,2025-08-12 07:00:00,17.0
t3_d6_g8,3,6,8,P2,2025-08-21 15:00:00,2025-08-21 22:00:00,7.0
t3_d6_g8,3,6,8,P3,2025-08-25 18:00:00,2025-08-26 08:00:00,14.0
t3_d6_g8,3,6,8,P4,2025-08-28 12:00:00,2025-08-29 09:00:00,21.0
t3_d6_g8,3,6,8,P5,2025-08-30 15:00:00,2025-08-31 15:00:00,24.0
t3_d6_g8,3,6,8,P6,2025-09-01 14:00:00,2025-09-02 12:00:00,22.0
t3_d6_g8,3,6,8,P7,2025-09-04 17:00:00,2025-09-07 23:00:00,78.0
t3_d6_g8,3,6,8,P8,2025-09-08 10:00:00,2025-09-09 15:00:00,29.0
t3_d6_g8,3,6,8,P9,2025-09-10 09:00:00,2025-09-10 16:00:00,7.0
t3_d6_g8,3,6,8,P10,2025-09-11 01:00:00,2025-09-15 04:00:00,99.0
t3_d6_g8,3,6,8,P11,2025-09-18 12:00:00,2025-09-19 08:00:00,20.0
t3_d6_g8,3,6,8,P12,2025-10-06 11:00:00,2025-10-07 13:00:00,26.0
t3_d6_g12,3,6,12,P1,2025-08-11 14:00:00,2025-08-12 07:00:00,17.0
t3_d6_g12,3,6,12,P2,2025-08-21 15:00:00,2025-08-21 22:00:00,7.0
t3_d6_g12,3,6,12,P3,2025-08-25 18:00:00,2025-08-26 08:00:00,14.0
t3_d6_g12,3,6,12,P4,2025-08-28 12:00:00,2025-08-29 09:00:00,21.0
t3_d6_g12,3,6,12,P5,2025-08-30 15:00:00,2025-08-31 15:00:00,24.0
t3_d6_g12,3,6,12,P6,2025-09-01 14:00:00,2025-09-02 12:00:00,22.0
t3_d6_g12,3,6,12,P7,2025-09-04 17:00:00,2025-09-09 15:00:00,118.0
t3_d6_g12,3,6,12,P8,2025-09-10 09:00:00,2025-09-15 04:00:00,115.0
t3_d6_g12,3,6,12,P9,2025-09-18 12:00:00,2025-09-19 08:00:00,20.0
t3_d6_g12,3,6,12,P10,2025-10-06 11:00:00,2025-10-07 13:00:00,26.0
t3_d8_g2,3,8,2,P1,2025-08-11 14:00:00,2025-08-12 07:00:00,17.0
t3_d8_g2,3,8,2,P2,2025-08-25 18:00:00,2025-08-26 08:00:00,14.0
t3_d8_g2,3,8,2,P3,2025-08-28 12:00:00,2025-08-29 09:00:00,21.0
t3_d8_g2,3,8,2,P4,2025-08-30 15:00:00,2025-08-31 15:00:00,24.0
t3_d8_g2,3,8,2,P5,2025-09-01 14:00:00,2025-09-02 12:00:00,22.0
t3_d8_g2,3,8,2,P6,2025-09-04 17:00:00,2025-09-05 13:00:00,20.0
t3_d8_g2,3,8,2,P7,2025-09-06 02:00:00,2025-09-07 23:00:00,45.0
t3_d8_g2,3,8,2,P8,2025-09-08 10:00:00,2025-09-09 15:00:00,29.0
t3_d8_g2,3,8,2,P9,2025-09-11 01:00:00,2025-09-14 13:00:00,84.0
t3_d8_g2,3,8,2,P10,2025-09-14 17:00:00,2025-09-15 04:00:00,11.0
t3_d8_g2,3,8,2,P11,2025-09-18 12:00:00,2025-09-19 08:00:00,20.0
t3_d8_g2,3,8,2,P12,2025-10-06 11:00:00,2025-10-07 13:00:00,26.0
t3_d8_g4,3,8,4,P1,2025-08-11 14:00:00,2025-08-12 07:00:00,17.0
t3_d8_g4,3,8,4,P2,2025-08-25 18:00:00,2025-08-26 08:00:00,14.0
t3_d8_g4,3,8,4,P3,2025-08-28 12:00:00,2025-08-29 09:00:00,21.0
t3_d8_g4,3,8,4,P4,2025-08-30 15:00:00,2025-08-31 15:00:00,24.0
t3_d8_g4,3,8,4,P5,2025-09-01 14:00:00,2025-09-02 12:00:00,22.0
t3_d8_g4,3,8,4,P6,2025-09-04 17:00:00,2025-09-05 13:00:00,20.0
t3_d8_g4,3,8,4,P7,2025-09-06 02:00:00,2025-09-07 23:00:00,45.0
t3_d8_g4,3,8,4,P8,2025-09-08 10:00:00,2025-09-09 15:00:00,29.0
t3_d8_g4,3,8,4,P9,2025-09-11 01:00:00,2025-09-15 04:00:00,99.0
t3_d8_g4,3,8,4,P10,2025-09-18 12:00:00,2025-09-19 08:00:00,20.0
t3_d8_g4,3,8,4,P11,2025-10-06 11:00:00,2025-10-07 13:00:00,26.0
t3_d8_g6,3,8,6,P1,2025-08-11 14:00:00,2025-08-12 07:00:00,17.0
t3_d8_g6,3,8,6,P2,2025-08-25 18:00:00,2025-08-26 08:00:00,14.0
t3_d8_g6,3,8,6,P3,2025-08-28 12:00:00,2025-08-29 09:00:00,21.0
t3_d8_g6,3,8,6,P4,2025-08-30 15:00:00,2025-08-31 15:00:00,24.0
t3_d8_g6,3,8,6,P5,2025-09-01 14:00:00,2025-09-02 12:00:00,22.0
t3_d8_g6,3,8,6,P6,2025-09-04 17:00:00,2025-09-05 13:00:00,20.0
t3_d8_g6,3,8,6,P7,2025-09-06 02:00:00,2025-09-07 23:00:00,45.0
t3_d8_g6,3,8,6,P8,2025-09-08 10:00:00,2025-09-09 15:00:00,29.0
t3_d8_g6,3,8,6,P9,2025-09-11 01:00:00,2025-09-15 04:00:00,99.0
t3_d8_g6,3,8,6,P10,2025-09-18 12:00:00,2025-09-19 08:00:00,20.0
t3_d8_g6,3,8,6,P11,2025-10-06 11:00:00,2025-10-07 13:00:00,26.0
t3_d8_g8,3,8,8,P1,2025-08-11 14:00:00,2025-08-12 07:00:00,17.0
t3_d8_g8,3,8,8,P2,2025-08-25 18:00:00,2025-08-26 08:00:00,14.0
t3_d8_g8,3,8,8,P3,2025-08-28 12:00:00,2025-08-29 09:00:00,21.0
t3_d8_g8,3,8,8,P4,2025-08-30 15:00:00,2025-08-31 15:00:00,24.0
t3_d8_g8,3,8,8,P5,2025-09-01 14:00:00,2025-09-02 12:00:00,22.0
t3_d8_g8,3,8,8,P6,2025-09-04 17:00:00,2025-09-05 13:00:00,20.0
t3_d8_g8,3,8,8,P7,2025-09-06 02:00:00,2025-09-07 23:00:00,45.0
t3_d8_g8,3,8,8,P8,2025-09-08 10:00:00,2025-09-09 15:00:00,29.0
t3_d8_g8,3,8,8,P9,2025-09-11 01:00:00,2025-09-15 04:00:00,99.0
t3_d8_g8,3,8,8,P10,2025-09-18 12:00:00,2025-09-19 08:00:00,20.0
t3_d8_g8,3,8,8,P11,2025-10-06 11:00:00,2025-10-07 13:00:00,26.0
t3_d8_g12,3,8,12,P1,2025-08-11 14:00:00,2025-08-12 07:00:00,17.0
t3_d8_g12,3,8,12,P2,2025-08-25 18:00:00,2025-08-26 08:00:00,14.0
t3_d8_g12,3,8,12,P3,2025-08-28 12:00:00,2025-08-29 09:00:00,21.0
t3_d8_g12,3,8,12,P4,2025-08-30 15:00:00,2025-08-31 15:00:00,24.0
t3_d8_g12,3,8,12,P5,2025-09-01 14:00:00,2025-09-02 12:00:00,22.0
t3_d8_g12,3,8,12,P6,2025-09-04 17:00:00,2025-09-05 13:00:00,20.0
t3_d8_g12,3,8,12,P7,2025-09-06 02:00:00,2025-09-09 15:00:00,85.0
t3_d8_g12,3,8,12,P8,2025-09-11 01:00:00,2025-09-15 04:00:00,99.0
t3_d8_g12,3,8,12,P9,2025-09-18 12:00:00,2025-09-19 08:00:00,20.0
t3_d8_g12,3,8,12,P10,2025-10-06 11:00:00,2025-10-07 13:00:00,26.0
t4_d2_g2,4,2,2,P1,2025-08-11 14:00:00,2025-08-12 07:00:00,17.0
t4_d2_g2,4,2,2,P2,2025-08-14 14:00:00,2025-08-14 17:00:00,3.0
t4_d2_g2,4,2,2,P3,2025-08-16 17:00:00,2025-08-16 19:00:00,2.0
t4_d2_g2,4,2,2,P4,2025-08-21 15:00:00,2025-08-21 22:00:00,7.0
t4_d2_g2,4,2,2,P5,2025-08-25 18:00:00,2025-08-26 07:00:00,13.0
t4_d2_g2,4,2,2,P6,2025-08-28 12:00:00,2025-08-29 09:00:00,21.0
t4_d2_g2,4,2,2,P7,2025-08-30 15:00:00,2025-08-31 14:00:00,23.0
t4_d2_g2,4,2,2,P8,2025-09-01 14:00:00,2025-09-02 12:00:00,22.0
t4_d2_g2,4,2,2,P9,2025-09-04 17:00:00,2025-09-05 13:00:00,20.0
t4_d2_g2,4,2,2,P10,2025-09-05 17:00:00,2025-09-05 20:00:00,3.0
t4_d2_g2,4,2,2,P11,2025-09-06 04:00:00,2025-09-06 07:00:00,3.0
t4_d2_g2,4,2,2,P12,2025-09-06 11:00:00,2025-09-07 22:00:00,35.0
t4_d2_g2,4,2,2,P13,2025-09-08 02:00:00,2025-09-08 08:00:00,6.0
t4_d2_g2,4,2,2,P14,2025-09-08 11:00:00,2025-09-09 15:00:00,28.0
t4_d2_g2,4,2,2,P15,2025-09-09 20:00:00,2025-09-10 06:00:00,10.0
t4_d2_g2,4,2,2,P16,2025-09-10 09:00:00,2025-09-10 16:00:00,7.0
t4_d2_g2,4,2,2,P17,2025-09-11 03:00:00,2025-09-13 03:00:00,48.0
t4_d2_g2,4,2,2,P18,2025-09-13 06:00:00,2025-09-14 13:00:00,31.0
t4_d2_g2,4,2,2,P19,2025-09-14 20:00:00,2025-09-15 04:00:00,8.0
t4_d2_g2,4,2,2,P20,2025-09-18 12:00:00,2025-09-19 08:00:00,20.0
t4_d2_g2,4,2,2,P21,2025-10-06 01:00:00,2025-10-06 03:00:00,2.0
t4_d2_g2,4,2,2,P22,2025-10-06 11:00:00,2025-10-07 13:00:00,26.0
t4_d2_g4,4,2,4,P1,2025-08-11 14:00:00,2025-08-12 07:00:00,17.0
t4_d2_g4,4,2,4,P2,2025-08-14 14:00:00,2025-08-14 17:00:00,3.0
t4_d2_g4,4,2,4,P3,2025-08-16 17:00:00,2025-08-16 19:00:00,2.0
t4_d2_g4,4,2,4,P4,2025-08-21 15:00:00,2025-08-21 22:00:00,7.0
t4_d2_g4,4,2,4,P5,2025-08-25 18:00:00,2025-08-26 07:00:00,13.0
t4_d2_g4,4,2,4,P6,2025-08-28 12:00:00,2025-08-29 09:00:00,21.0
t4_d2_g4,4,2,4,P7,2025-08-30 15:00:00,2025-08-31 14:00:00,23.0
t4_d2_g4,4,2,4,P8,2025-09-01 14:00:00,2025-09-02 12:00:00,22.0
t4_d2_g4,4,2,4,P9,2025-09-04 17:00:00,2025-09-05 20:00:00,27.0
t4_d2_g4,4,2,4,P10,2025-09-06 04:00:00,2025-09-09 15:00:00,83.0
t4_d2_g4,4,2,4,P11,2025-09-09 20:00:00,2025-09-10 16:00:00,20.0
t4_d2_g4,4,2,4,P12,2025-09-11 03:00:00,2025-09-14 13:00:00,82.0
t4_d2_g4,4,2,4,P13,2025-09-14 20:00:00,2025-09-15 04:00:00,8.0
t4_d2_g4,4,2,4,P14,2025-09-18 12:00:00,2025-09-19 08:00:00,20.0
t4_d2_g4,4,2,4,P15,2025-10-06 01:00:00,2025-10-06 03:00:00,2.0
t4_d2_g4,4,2,4,P16,2025-10-06 11:00:00,2025-10-07 13:00:00,26.0
t4_d2_g6,4,2,6,P1,2025-08-11 14:00:00,2025-08-12 07:00:00,17.0
t4_d2_g6,4,2,6,P2,2025-08-14 14:00:00,2025-08-14 17:00:00,3.0
t4_d2_g6,4,2,6,P3,2025-08-16 17:00:00,2025-08-16 19:00:00,2.0
t4_d2_g6,4,2,6,P4,2025-08-21 15:00:00,2025-08-21 22:00:00,7.0
t4_d2_g6,4,2,6,P5,2025-08-25 18:00:00,2025-08-26 07:00:00,13.0
t4_d2_g6,4,2,6,P6,2025-08-28 12:00:00,2025-08-29 09:00:00,21.0
t4_d2_g6,4,2,6,P7,2025-08-30 15:00:00,2025-08-31 14:00:00,23.0
t4_d2_g6,4,2,6,P8,2025-09-01 14:00:00,2025-09-02 12:00:00,22.0
t4_d2_g6,4,2,6,P9,2025-09-04 17:00:00,2025-09-05 20:00:00,27.0
t4_d2_g6,4,2,6,P10,2025-09-06 04:00:00,2025-09-10 16:00:00,108.0
t4_d2_g6,4,2,6,P11,2025-09-11 03:00:00,2025-09-14 13:00:00,82.0
t4_d2_g6,4,2,6,P12,2025-09-14 20:00:00,2025-09-15 04:00:00,8.0
t4_d2_g6,4,2,6,P13,2025-09-18 12:00:00,2025-09-19 08:00:00,20.0
t4_d2_g6,4,2,6,P14,2025-10-06 01:00:00,2025-10-06 03:00:00,2.0
t4_d2_g6,4,2,6,P15,2025-10-06 11:00:00,2025-10-07 13:00:00,26.0
t4_d2_g8,4,2,8,P1,2025-08-11 14:00:00,2025-08-12 07:00:00,17.0
t4_d2_g8,4,2,8,P2,2025-08-14 14:00:00,2025-08-14 17:00:00,3.0
t4_d2_g8,4,2,8,P3,2025-08-16 17:00:00,2025-08-16 19:00:00,2.0
t4_d2_g8,4,2,8,P4,2025-08-21 15:00:00,2025-08-21 22:00:00,7.0
t4_d2_g8,4,2,8,P5,2025-08-25 18:00:00,2025-08-26 07:00:00,13.0
t4_d2_g8,4,2,8,P6,2025-08-28 12:00:00,2025-08-29 09:00:00,21.0
t4_d2_g8,4,2,8,P7,2025-08-30 15:00:00,2025-08-31 14:00:00,23.0
t4_d2_g8,4,2,8,P8,2025-09-01 14:00:00,2025-09-02 12:00:00,22.0
t4_d2_g8,4,2,8,P9,2025-09-04 17:00:00,2025-09-10 16:00:00,143.0
t4_d2_g8,4,2,8,P10,2025-09-11 03:00:00,2025-09-15 04:00:00,97.0
t4_d2_g8,4,2,8,P11,2025-09-18 12:00:00,2025-09-19 08:00:00,20.0
t4_d2_g8,4,2,8,P12,2025-10-06 01:00:00,2025-10-07 13:00:00,36.0
t4_d2_g12,4,2,12,P1,2025-08-11 14:00:00,2025-08-12 07:00:00,17.0
t4_d2_g12,4,2,12,P2,2025-08-14 14:00:00,2025-08-14 17:00:00,3.0
t4_d2_g12,4,2,12,P3,2025-08-16 17:00:00,2025-08-16 19:00:00,2.0
t4_d2_g12,4,2,12,P4,2025-08-21 15:00:00,2025-08-21 22:00:00,7.0
t4_d2_g12,4,2,12,P5,2025-08-25 18:00:00,2025-08-26 07:00:00,13.0
t4_d2_g12,4,2,12,P6,2025-08-28 12:00:00,2025-08-29 09:00:00,21.0
t4_d2_g12,4,2,12,P7,2025-08-30 15:00:00,2025-08-31 14:00:00,23.0
t4_d2_g12,4,2,12,P8,2025-09-01 14:00:00,2025-09-02 12:00:00,22.0
t4_d2_g12,4,2,12,P9,2025-09-04 17:00:00,2025-09-15 04:00:00,251.0
t4_d2_g12,4,2,12,P10,2025-09-18 12:00:00,2025-09-19 08:00:00,20.0
t4_d2_g12,4,2,12,P11,2025-10-06 01:00:00,2025-10-07 13:00:00,36.0
t4_d4_g2,4,4,2,P1,2025-08-11 14:00:00,2025-08-12 07:00:00,17.0
t4_d4_g2,4,4,2,P2,2025-08-21 18:00:00,2025-08-21 22:00:00,4.0
t4_d4_g2,4,4,2,P3,2025-08-25 18:00:00,2025-08-26 07:00:00,13.0
t4_d4_g2,4,4,2,P4,2025-08-28 12:00:00,2025-08-29 09:00:00,21.0
t4_d4_g2,4,4,2,P5,2025-08-30 15:00:00,2025-08-31 14:00:00,23.0
t4_d4_g2,4,4,2,P6,2025-09-01 14:00:00,2025-09-02 12:00:00,22.0
t4_d4_g2,4,4,2,P7,2025-09-04 17:00:00,2025-09-05 13:00:00,20.0
t4_d4_g2,4,4,2,P8,2025-09-06 11:00:00,2025-09-07 22:00:00,35.0
t4_d4_g2,4,4,2,P9,2025-09-08 11:00:00,2025-09-09 15:00:00,28.0
t4_d4_g2,4,4,2,P10,2025-09-10 02:00:00,2025-09-10 06:00:00,4.0
t4_d4_g2,4,4,2,P11,2025-09-11 03:00:00,2025-09-12 13:00:00,34.0
t4_d4_g2,4,4,2,P12,2025-09-12 20:00:00,2025-09-13 03:00:00,7.0
t4_d4_g2,4,4,2,P13,2025-09-13 10:00:00,2025-09-14 13:00:00,27.0
t4_d4_g2,4,4,2,P14,2025-09-14 20:00:00,2025-09-15 01:00:00,5.0
t4_d4_g2,4,4,2,P15,2025-09-18 12:00:00,2025-09-19 08:00:00,20.0
t4_d4_g2,4,4,2,P16,2025-10-06 15:00:00,2025-10-07 13:00:00,22.0
t4_d4_g4,4,4,4,P1,2025-08-11 14:00:00,2025-08-12 07:00:00,17.0
t4_d4_g4,4,4,4,P2,2025-08-21 18:00:00,2025-08-21 22:00:00,4.0
t4_d4_g4,4,4,4,P3,2025-08-25 18:00:00,2025-08-26 07:00:00,13.0
t4_d4_g4,4,4,4,P4,2025-08-28 12:00:00,2025-08-29 09:00:00,21.0
t4_d4_g4,4,4,4,P5,2025-08-30 15:00:00,2025-08-31 14:00:00,23.0
t4_d4_g4,4,4,4,P6,2025-09-01 14:00:00,2025-09-02 12:00:00,22.0
t4_d4_g4,4,4,4,P7,2025-09-04 17:00:00,2025-09-05 13:00:00,20.0
t4_d4_g4,4,4,4,P8,2025-09-06 11:00:00,2025-09-07 22:00:00,35.0
t4_d4_g4,4,4,4,P9,2025-09-08 11:00:00,2025-09-09 15:00:00,28.0
t4_d4_g4,4,4,4,P10,2025-09-10 02:00:00,2025-09-10 06:00:00,4.0
t4_d4_g4,4,4,4,P11,2025-09-11 03:00:00,2025-09-12 13:00:00,34.0
t4_d4_g4,4,4,4,P12,2025-09-12 20:00:00,2025-09-13 03:00:00,7.0
t4_d4_g4,4,4,4,P13,2025-09-13 10:00:00,2025-09-14 13:00:00,27.0
t4_d4_g4,4,4,4,P14,2025-09-14 20:00:00,2025-09-15 01:00:00,5.0
t4_d4_g4,4,4,4,P15,2025-09-18 12:00:00,2025-09-19 08:00:00,20.0
t4_d4_g4,4,4,4,P16,2025-10-06 15:00:00,2025-10-07 13:00:00,22.0
t4_d4_g6,4,4,6,P1,2025-08-11 14:00:00,2025-08-12 07:00:00,17.0
t4_d4_g6,4,4,6,P2,2025-08-21 18:00:00,2025-08-21 22:00:00,4.0
t4_d4_g6,4,4,6,P3,2025-08-25 18:00:00,2025-08-26 07:00:00,13.0
t4_d4_g6,4,4,6,P4,2025-08-28 12:00:00,2025-08-29 09:00:00,21.0
t4_d4_g6,4,4,6,P5,2025-08-30 15:00:00,2025-08-31 14:00:00,23.0
t4_d4_g6,4,4,6,P6,2025-09-01 14:00:00,2025-09-02 12:00:00,22.0
t4_d4_g6,4,4,6,P7,2025-09-04 17:00:00,2025-09-05 13:00:00,20.0
t4_d4_g6,4,4,6,P8,2025-09-06 11:00:00,2025-09-07 22:00:00,35.0
t4_d4_g6,4,4,6,P9,2025-09-08 11:00:00,2025-09-09 15:00:00,28.0
t4_d4_g6,4,4,6,P10,2025-09-10 02:00:00,2025-09-10 06:00:00,4.0
t4_d4_g6,4,4,6,P11,2025-09-11 03:00:00,2025-09-12 13:00:00,34.0
t4_d4_g6,4,4,6,P12,2025-09-12 20:00:00,2025-09-13 03:00:00,7.0
t4_d4_g6,4,4,6,P13,2025-09-13 10:00:00,2025-09-14 13:00:00,27.0
t4_d4_g6,4,4,6,P14,2025-09-14 20:00:00,2025-09-15 01:00:00,5.0
t4_d4_g6,4,4,6,P15,2025-09-18 12:00:00,2025-09-19 08:00:00,20.0
t4_d4_g6,4,4,6,P16,2025-10-06 15:00:00,2025-10-07 13:00:00,22.0
t4_d4_g8,4,4,8,P1,2025-08-11 14:00:00,2025-08-12 07:00:00,17.0
t4_d4_g8,4,4,8,P2,2025-08-21 18:00:00,2025-08-21 22:00:00,4.0
t4_d4_g8,4,4,8,P3,2025-08-25 18:00:00,2025-08-26 07:00:00,13.0
t4_d4_g8,4,4,8,P4,2025-08-28 12:00:00,2025-08-29 09:00:00,21.0
t4_d4_g8,4,4,8,P5,2025-08-30 15:00:00,2025-08-31 14:00:00,23.0
t4_d4_g8,4,4,8,P6,2025-09-01 14:00:00,2025-09-02 12:00:00,22.0
t4_d4_g8,4,4,8,P7,2025-09-04 17:00:00,2025-09-05 13:00:00,20.0
t4_d4_g8,4,4,8,P8,2025-09-06 11:00:00,2025-09-07 22:00:00,35.0
t4_d4_g8,4,4,8,P9,2025-09-08 11:00:00,2025-09-09 15:00:00,28.0
t4_d4_g8,4,4,8,P10,2025-09-10 02:00:00,2025-09-10 06:00:00,4.0
t4_d4_g8,4,4,8,P11,2025-09-11 03:00:00,2025-09-15 01:00:00,94.0
t4_d4_g8,4,4,8,P12,2025-09-18 12:00:00,2025-09-19 08:00:00,20.0
t4_d4_g8,4,4,8,P13,2025-10-06 15:00:00,2025-10-07 13:00:00,22.0
t4_d4_g12,4,4,12,P1,2025-08-11 14:00:00,2025-08-12 07:00:00,17.0
t4_d4_g12,4,4,12,P2,2025-08-21 18:00:00,2025-08-21 22:00:00,4.0
t4_d4_g12,4,4,12,P3,2025-08-25 18:00:00,2025-08-26 07:00:00,13.0
t4_d4_g12,4,4,12,P4,2025-08-28 12:00:00,2025-08-29 09:00:00,21.0
t4_d4_g12,4,4,12,P5,2025-08-30 15:00:00,2025-08-31 14:00:00,23.0
t4_d4_g12,4,4,12,P6,2025-09-01 14:00:00,2025-09-02 12:00:00,22.0
t4_d4_g12,4,4,12,P7,2025-09-04 17:00:00,2025-09-05 13:00:00,20.0
t4_d4_g12,4,4,12,P8,2025-09-06 11:00:00,2025-09-07 22:00:00,35.0
t4_d4_g12,4,4,12,P9,2025-09-08 11:00:00,2025-09-10 06:00:00,43.0
t4_d4_g12,4,4,12,P10,2025-09-11 03:00:00,2025-09-15 01:00:00,94.0
t4_d4_g12,4,4,12,P11,2025-09-18 12:00:00,2025-09-19 08:00:00,20.0
t4_d4_g12,4,4,12,P12,2025-10-06 15:00:00,2025-10-07 13:00:00,22.0
t4_d6_g2,4,6,2,P1,2025-08-11 20:00:00,2025-08-12 07:00:00,11.0
t4_d6_g2,4,6,2,P2,2025-08-25 18:00:00,2025-08-26 07:00:00,13.0
t4_d6_g2,4,6,2,P3,2025-08-28 12:00:00,2025-08-29 09:00:00,21.0
t4_d6_g2,4,6,2,P4,2025-08-30 15:00:00,2025-08-31 14:00:00,23.0
t4_d6_g2,4,6,2,P5,2025-09-01 14:00:00,2025-09-02 12:00:00,22.0
t4_d6_g2,4,6,2,P6,2025-09-04 17:00:00,2025-09-05 13:00:00,20.0
t4_d6_g2,4,6,2,P7,2025-09-06 11:00:00,2025-09-07 22:00:00,35.0
t4_d6_g2,4,6,2,P8,2025-09-08 11:00:00,2025-09-09 15:00:00,28.0
t4_d6_g2,4,6,2,P9,2025-09-11 03:00:00,2025-09-12 13:00:00,34.0
t4_d6_g2,4,6,2,P10,2025-09-12 20:00:00,2025-09-13 03:00:00,7.0
t4_d6_g2,4,6,2,P11,2025-09-13 10:00:00,2025-09-14 13:00:00,27.0
t4_d6_g2,4,6,2,P12,2025-09-18 12:00:00,2025-09-19 08:00:00,20.0
t4_d6_g2,4,6,2,P13,2025-10-06 15:00:00,2025-10-07 13:00:00,22.0
t4_d6_g4,4,6,4,P1,2025-08-11 20:00:00,2025-08-12 07:00:00,11.0
t4_d6_g4,4,6,4,P2,2025-08-25 18:00:00,2025-08-26 07:00:00,13.0
t4_d6_g4,4,6,4,P3,2025-08-28 12:00:00,2025-08-29 09:00:00,21.0
t4_d6_g4,4,6,4,P4,2025-08-30 15:00:00,2025-08-31 14:00:00,23.0
t4_d6_g4,4,6,4,P5,2025-09-01 14:00:00,2025-09-02 12:00:00,22.0
t4_d6_g4,4,6,4,P6,2025-09-04 17:00:00,2025-09-05 13:00:00,20.0
t4_d6_g4,4,6,4,P7,2025-09-06 11:00:00,2025-09-07 22:00:00,35.0
t4_d6_g4,4,6,4,P8,2025-09-08 11:00:00,2025-09-09 15:00:00,28.0
t4_d6_g4,4,6,4,P9,2025-09-11 03:00:00,2025-09-12 13:00:00,34.0
t4_d6_g4,4,6,4,P10,2025-09-12 20:00:00,2025-09-13 03:00:00,7.0
t4_d6_g4,4,6,4,P11,2025-09-13 10:00:00,2025-09-14 13:00:00,27.0
t4_d6_g4,4,6,4,P12,2025-09-18 12:00:00,2025-09-19 08:00:00,20.0
t4_d6_g4,4,6,4,P13,2025-10-06 15:00:00,2025-10-07 13:00:00,22.0
t4_d6_g6,4,6,6,P1,2025-08-11 20:00:00,2025-08-12 07:00:00,11.0
t4_d6_g6,4,6,6,P2,2025-08-25 18:00:00,2025-08-26 07:00:00,13.0
t4_d6_g6,4,6,6,P3,2025-08-28 12:00:00,2025-08-29 09:00:00,21.0
t4_d6_g6,4,6,6,P4,2025-08-30 15:00:00,2025-08-31 14:00:00,23.0
t4_d6_g6,4,6,6,P5,2025-09-01 14:00:00,2025-09-02 12:00:00,22.0
t4_d6_g6,4,6,6,P6,2025-09-04 17:00:00,2025-09-05 13:00:00,20.0
t4_d6_g6,4,6,6,P7,2025-09-06 11:00:00,2025-09-07 22:00:00,35.0
t4_d6_g6,4,6,6,P8,2025-09-08 11:00:00,2025-09-09 15:00:00,28.0
t4_d6_g6,4,6,6,P9,2025-09-11 03:00:00,2025-09-12 13:00:00,34.0
t4_d6_g6,4,6,6,P10,2025-09-12 20:00:00,2025-09-13 03:00:00,7.0
t4_d6_g6,4,6,6,P11,2025-09-13 10:00:00,2025-09-14 13:00:00,27.0
t4_d6_g6,4,6,6,P12,2025-09-18 12:00:00,2025-09-19 08:00:00,20.0
t4_d6_g6,4,6,6,P13,2025-10-06 15:00:00,2025-10-07 13:00:00,22.0
t4_d6_g8,4,6,8,P1,2025-08-11 20:00:00,2025-08-12 07:00:00,11.0
t4_d6_g8,4,6,8,P2,2025-08-25 18:00:00,2025-08-26 07:00:00,13.0
t4_d6_g8,4,6,8,P3,2025-08-28 12:00:00,2025-08-29 09:00:00,21.0
t4_d6_g8,4,6,8,P4,2025-08-30 15:00:00,2025-08-31 14:00:00,23.0
t4_d6_g8,4,6,8,P5,2025-09-01 14:00:00,2025-09-02 12:00:00,22.0
t4_d6_g8,4,6,8,P6,2025-09-04 17:00:00,2025-09-05 13:00:00,20.0
t4_d6_g8,4,6,8,P7,2025-09-06 11:00:00,2025-09-07 22:00:00,35.0
t4_d6_g8,4,6,8,P8,2025-09-08 11:00:00,2025-09-09 15:00:00,28.0
t4_d6_g8,4,6,8,P9,2025-09-11 03:00:00,2025-09-14 13:00:00,82.0
t4_d6_g8,4,6,8,P10,2025-09-18 12:00:00,2025-09-19 08:00:00,20.0
t4_d6_g8,4,6,8,P11,2025-10-06 15:00:00,2025-10-07 13:00:00,22.0
t4_d6_g12,4,6,12,P1,2025-08-11 20:00:00,2025-08-12 07:00:00,11.0
t4_d6_g12,4,6,12,P2,2025-08-25 18:00:00,2025-08-26 07:00:00,13.0
t4_d6_g12,4,6,12,P3,2025-08-28 12:00:00,2025-08-29 09:00:00,21.0
t4_d6_g12,4,6,12,P4,2025-08-30 15:00:00,2025-08-31 14:00:00,23.0
t4_d6_g12,4,6,12,P5,2025-09-01 14:00:00,2025-09-02 12:00:00,22.0
t4_d6_g12,4,6,12,P6,2025-09-04 17:00:00,2025-09-05 13:00:00,20.0
t4_d6_g12,4,6,12,P7,2025-09-06 11:00:00,2025-09-07 22:00:00,35.0
t4_d6_g12,4,6,12,P8,2025-09-08 11:00:00,2025-09-09 15:00:00,28.0
t4_d6_g12,4,6,12,P9,2025-09-11 03:00:00,2025-09-14 13:00:00,82.0
t4_d6_g12,4,6,12,P10,2025-09-18 12:00:00,2025-09-19 08:00:00,20.0
t4_d6_g12,4,6,12,P11,2025-10-06 15:00:00,2025-10-07 13:00:00,22.0
t4_d8_g2,4,8,2,P1,2025-08-11 20:00:00,2025-08-12 07:00:00,11.0
t4_d8_g2,4,8,2,P2,2025-08-25 18:00:00,2025-08-26 07:00:00,13.0
t4_d8_g2,4,8,2,P3,2025-08-28 12:00:00,2025-08-29 09:00:00,21.0
t4_d8_g2,4,8,2,P4,2025-08-30 15:00:00,2025-08-31 14:00:00,23.0
t4_d8_g2,4,8,2,P5,2025-09-01 14:00:00,2025-09-02 12:00:00,22.0
t4_d8_g2,4,8,2,P6,2025-09-04 17:00:00,2025-09-05 13:00:00,20.0
t4_d8_g2,4,8,2,P7,2025-09-06 11:00:00,2025-09-07 22:00:00,35.0
t4_d8_g2,4,8,2,P8,2025-09-08 11:00:00,2025-09-09 15:00:00,28.0
t4_d8_g2,4,8,2,P9,2025-09-11 03:00:00,2025-09-12 13:00:00,34.0
t4_d8_g2,4,8,2,P10,2025-09-13 10:00:00,2025-09-14 13:00:00,27.0
t4_d8_g2,4,8,2,P11,2025-09-18 12:00:00,2025-09-19 08:00:00,20.0
t4_d8_g2,4,8,2,P12,2025-10-06 15:00:00,2025-10-07 13:00:00,22.0
t4_d8_g4,4,8,4,P1,2025-08-11 20:00:00,2025-08-12 07:00:00,11.0
t4_d8_g4,4,8,4,P2,2025-08-25 18:00:00,2025-08-26 07:00:00,13.0
t4_d8_g4,4,8,4,P3,2025-08-28 12:00:00,2025-08-29 09:00:00,21.0
t4_d8_g4,4,8,4,P4,2025-08-30 15:00:00,2025-08-31 14:00:00,23.0
t4_d8_g4,4,8,4,P5,2025-09-01 14:00:00,2025-09-02 12:00:00,22.0
t4_d8_g4,4,8,4,P6,2025-09-04 17:00:00,2025-09-05 13:00:00,20.0
t4_d8_g4,4,8,4,P7,2025-09-06 11:00:00,2025-09-07 22:00:00,35.0
t4_d8_g4,4,8,4,P8,2025-09-08 11:00:00,2025-09-09 15:00:00,28.0
t4_d8_g4,4,8,4,P9,2025-09-11 03:00:00,2025-09-12 13:00:00,34.0
t4_d8_g4,4,8,4,P10,2025-09-13 10:00:00,2025-09-14 13:00:00,27.0
t4_d8_g4,4,8,4,P11,2025-09-18 12:00:00,2025-09-19 08:00:00,20.0
t4_d8_g4,4,8,4,P12,2025-10-06 15:00:00,2025-10-07 13:00:00,22.0
t4_d8_g6,4,8,6,P1,2025-08-11 20:00:00,2025-08-12 07:00:00,11.0
t4_d8_g6,4,8,6,P2,2025-08-25 18:00:00,2025-08-26 07:00:00,13.0
t4_d8_g6,4,8,6,P3,2025-08-28 12:00:00,2025-08-29 09:00:00,21.0
t4_d8_g6,4,8,6,P4,2025-08-30 15:00:00,2025-08-31 14:00:00,23.0
t4_d8_g6,4,8,6,P5,2025-09-01 14:00:00,2025-09-02 12:00:00,22.0
t4_d8_g6,4,8,6,P6,2025-09-04 17:00:00,2025-09-05 13:00:00,20.0
t4_d8_g6,4,8,6,P7,2025-09-06 11:00:00,2025-09-07 22:00:00,35.0
t4_d8_g6,4,8,6,P8,2025-09-08 11:00:00,2025-09-09 15:00:00,28.0
t4_d8_g6,4,8,6,P9,2025-09-11 03:00:00,2025-09-12 13:00:00,34.0
t4_d8_g6,4,8,6,P10,2025-09-13 10:00:00,2025-09-14 13:00:00,27.0
t4_d8_g6,4,8,6,P11,2025-09-18 12:00:00,2025-09-19 08:00:00,20.0
t4_d8_g6,4,8,6,P12,2025-10-06 15:00:00,2025-10-07 13:00:00,22.0
t4_d8_g8,4,8,8,P1,2025-08-11 20:00:00,2025-08-12 07:00:00,11.0
t4_d8_g8,4,8,8,P2,2025-08-25 18:00:00,2025-08-26 07:00:00,13.0
t4_d8_g8,4,8,8,P3,2025-08-28 12:00:00,2025-08-29 09:00:00,21.0
t4_d8_g8,4,8,8,P4,2025-08-30 15:00:00,2025-08-31 14:00:00,23.0
t4_d8_g8,4,8,8,P5,2025-09-01 14:00:00,2025-09-02 12:00:00,22.0
t4_d8_g8,4,8,8,P6,2025-09-04 17:00:00,2025-09-05 13:00:00,20.0
t4_d8_g8,4,8,8,P7,2025-09-06 11:00:00,2025-09-07 22:00:00,35.0
t4_d8_g8,4,8,8,P8,2025-09-08 11:00:00,2025-09-09 15:00:00,28.0
t4_d8_g8,4,8,8,P9,2025-09-11 03:00:00,2025-09-12 13:00:00,34.0
t4_d8_g8,4,8,8,P10,2025-09-13 10:00:00,2025-09-14 13:00:00,27.0
t4_d8_g8,4,8,8,P11,2025-09-18 12:00:00,2025-09-19 08:00:00,20.0
t4_d8_g8,4,8,8,P12,2025-10-06 15:00:00,2025-10-07 13:00:00,22.0
t4_d8_g12,4,8,12,P1,2025-08-11 20:00:00,2025-08-12 07:00:00,11.0
t4_d8_g12,4,8,12,P2,2025-08-25 18:00:00,2025-08-26 07:00:00,13.0
t4_d8_g12,4,8,12,P3,2025-08-28 12:00:00,2025-08-29 09:00:00,21.0
t4_d8_g12,4,8,12,P4,2025-08-30 15:00:00,2025-08-31 14:00:00,23.0
t4_d8_g12,4,8,12,P5,2025-09-01 14:00:00,2025-09-02 12:00:00,22.0
t4_d8_g12,4,8,12,P6,2025-09-04 17:00:00,2025-09-05 13:00:00,20.0
t4_d8_g12,4,8,12,P7,2025-09-06 11:00:00,2025-09-07 22:00:00,35.0
t4_d8_g12,4,8,12,P8,2025-09-08 11:00:00,2025-09-09 15:00:00,28.0
t4_d8_g12,4,8,12,P9,2025-09-11 03:00:00,2025-09-12 13:00:00,34.0
t4_d8_g12,4,8,12,P10,2025-09-13 10:00:00,2025-09-14 13:00:00,27.0
t4_d8_g12,4,8,12,P11,2025-09-18 12:00:00,2025-09-19 08:00:00,20.0
t4_d8_g12,4,8,12,P12,2025-10-06 15:00:00,2025-10-07 13:00:00,22.0
