config_id,min_orphans_per_hour,min_duration_hours,merge_gap_hours,period_count,total_duration_hours,total_blocks,main_chain_blocks,expected_main_chain_blocks,qubic_blocks,qubic_main_chain_blocks,alpha,target_rate_normalized_yield,yield_minus_alpha,main_chain_share,baseline_hour_jaccard,baseline_hour_recall,baseline_hour_extra_ratio
t1_d2_g2,1,2,2,29,510.0,17952,15056,15300.0,5008,3829,0.2789661319073084,0.25026143790849675,-0.028704693998811648,0.25431721572794896,0.8431372549019608,1.0,0.18604651162790697
t1_d2_g4,1,2,4,24,527.0,18475,15577,15810.0,5158,3978,0.2791880920162382,0.25161290322580643,-0.02757518879043175,0.255376516659177,0.8159392789373814,1.0,0.2255813953488372
t1_d2_g6,1,2,6,22,538.0,18873,15973,16140.0,5307,4126,0.28119535844857735,0.255638166047088,-0.025557192401489348,0.2583108996431478,0.7992565055762082,1.0,0.25116279069767444
t1_d2_g8,1,2,8,20,554.0,19397,16497,16620.0,5417,4236,0.2792699902046708,0.2548736462093863,-0.02439634399528451,0.25677395890161847,0.776173285198556,1.0,0.28837209302325584
t1_d2_g12,1,2,12,17,587.0,20408,17503,17610.0,5687,4502,0.2786652293218346,0.2556501987507098,-0.02301503057112475,0.2572130491915672,0.7325383304940375,1.0,0.36511627906976746
t1_d4_g2,1,4,2,15,471.0,16660,13831,14130.0,4691,3542,0.28157262905162067,0.25067232837933473,-0.03090030067228594,0.2560913889089726,0.9129511677282378,1.0,0.09534883720930233
t1_d4_g4,1,4,4,15,471.0,16660,13831,14130.0,4691,3542,0.28157262905162067,0.25067232837933473,-0.03090030067228594,0.2560913889089726,0.9129511677282378,1.0,0.09534883720930233
t1_d4_g6,1,4,6,14,476.0,16859,14029,14280.0,4779,3630,0.2834687703897028,0.2542016806722689,-0.029267089717433914,0.25874973269655716,0.9033613445378151,1.0,0.10697674418604651
t1_d4_g8,1,4,8,13,484.0,17103,14273,14520.0,4831,3682,0.2824650646085482,0.25358126721763086,-0.028883797390917343,0.25796959293771454,0.8884297520661157,1.0,0.12558139534883722
t1_d4_g12,1,4,12,13,484.0,17103,14273,14520.0,4831,3682,0.2824650646085482,0.25358126721763086,-0.028883797390917343,0.25796959293771454,0.8884297520661157,1.0,0.12558139534883722
t1_d6_g2,1,6,2,12,458.0,16246,13444,13740.0,4548,3412,0.27994583282038654,0.24832605531295487,-0.03161977750743167,0.2537935138351681,0.9388646288209607,1.0,0.06511627906976744
t1_d6_g4,1,6,4,12,458.0,16246,13444,13740.0,4548,3412,0.27994583282038654,0.24832605531295487,-0.03161977750743167,0.2537935138351681,0.9388646288209607,1.0,0.06511627906976744
t1_d6_g6,1,6,6,12,458.0,16246,13444,13740.0,4548,3412,0.27994583282038654,0.24832605531295487,-0.03161977750743167,0.2537935138351681,0.9388646288209607,1.0,0.06511627906976744
t1_d6_g8,1,6,8,11,466.0,16490,13688,13980.0,4600,3464,0.27895694360218315,0.24778254649499284,-0.031174397107190305,0.25306838106370544,0.9227467811158798,1.0,0.08372093023255814
t1_d6_g12,1,6,12,11,466.0,16490,13688,13980.0,4600,3464,0.27895694360218315,0.24778254649499284,-0.031174397107190305,0.25306838106370544,0.9227467811158798,1.0,0.08372093023255814
t1_d8_g2,1,8,2,10,445.0,15786,13016,13350.0,4402,3297,0.27885468136323327,0.24696629213483146,-0.031888389228401814,0.25330362630608483,0.9487750556792873,0.9906976744186047,0.044186046511627906
t1_d8_g4,1,8,4,10,445.0,15786,13016,13350.0,4402,3297,0.27885468136323327,0.24696629213483146,-0.031888389228401814,0.25330362630608483,0.9487750556792873,0.9906976744186047,0.044186046511627906
t1_d8_g6,1,8,6,10,445.0,15786,13016,13350.0,4402,3297,0.27885468136323327,0.24696629213483146,-0.031888389228401814,0.25330362630608483,0.9487750556792873,0.9906976744186047,0.044186046511627906
t1_d8_g8,1,8,8,9,453.0,16030,13260,13590.0,4454,3349,0.27785402370555207,0.24643119941133187,-0.03142282429422019,0.25256410256410255,0.9321663019693655,0.9906976744186047,0.06279069767441861
t1_d8_g12,1,8,12,9,453.0,16030,13260,13590.0,4454,3349,0.27785402370555207,0.24643119941133187,-0.03142282429422019,0.25256410256410255,0.9321663019693655,0.9906976744186047,0.06279069767441861
t2_d2_g2,2,2,2,15,442.0,15703,12899,13260.0,4438,3307,0.2826211551932752,0.24939668174962293,-0.03322447344365226,0.25637646329172803,0.9728506787330317,1.0,0.027906976744186046
t2_d2_g4,2,2,4,13,450.0,15951,13141,13500.0,4497,3362,0.28192589806281737,0.24903703703703703,-0.03288886102578034,0.25584049920097407,0.9555555555555556,1.0,0.046511627906976744
t2_d2_g6,2,2,6,13,450.0,15951,13141,13500.0,4497,3362,0.28192589806281737,0.24903703703703703,-0.03288886102578034,0.25584049920097407,0.9555555555555556,1.0,0.046511627906976744
t2_d2_g8,2,2,8,13,450.0,15951,13141,13500.0,4497,3362,0.28192589806281737,0.24903703703703703,-0.03288886102578034,0.25584049920097407,0.9555555555555556,1.0,0.046511627906976744
t2_d2_g12,2,2,12,11,468.0,16532,13720,14040.0,4616,3480,0.279216065811759,0.24786324786324787,-0.031352817948511136,0.2536443148688047,0.9188034188034188,1.0,0.08837209302325581
t2_d4_g2,2,4,2,11,425.0,15168,12420,12750.0,4327,3226,0.2852716244725738,0.25301960784313726,-0.03225201662943655,0.25974235104669885,0.9883720930232558,0.9883720930232558,0.0
t2_d4_g4,2,4,4,11,425.0,15168,12420,12750.0,4327,3226,0.2852716244725738,0.25301960784313726,-0.03225201662943655,0.25974235104669885,0.9883720930232558,0.9883720930232558,0.0
t2_d4_g6,2,4,6,10,430.0,15337,12580,12900.0,4345,3239,0.283301819130208,0.2510852713178295,-0.03221654781237854,0.25747217806041334,1.0,1.0,0.0
t2_d4_g8,2,4,8,10,430.0,15337,12580,12900.0,4345,3239,0.283301819130208,0.2510852713178295,-0.03221654781237854,0.25747217806041334,1.0,1.0,0.0
t2_d4_g12,2,4,12,10,430.0,15337,12580,12900.0,4345,3239,0.283301819130208,0.2510852713178295,-0.03221654781237854,0.25747217806041334,1.0,1.0,0.0
t2_d6_g2,2,6,2,10,415.0,14837,12126,12450.0,4246,3176,0.28617645076497944,0.2551004016064257,-0.03107604915855372,0.26191654296552863,0.9651162790697675,0.9651162790697675,0.0
t2_d6_g4,2,6,4,10,415.0,14837,12126,12450.0,4246,3176,0.28617645076497944,0.2551004016064257,-0.03107604915855372,0.26191654296552863,0.9651162790697675,0.9651162790697675,0.0
t2_d6_g6,2,6,6,9,420.0,15006,12286,12600.0,4264,3189,0.28415300546448086,0.2530952380952381,-0.03105776736924276,0.2595637310760215,0.9767441860465116,0.9767441860465116,0.0
t2_d6_g8,2,6,8,9,420.0,15006,12286,12600.0,4264,3189,0.28415300546448086,0.2530952380952381,-0.03105776736924276,0.2595637310760215,0.9767441860465116,0.9767441860465116,0.0
t2_d6_g12,2,6,12,9,420.0,15006,12286,12600.0,4264,3189,0.28415300546448086,0.2530952380952381,-0.03105776736924276,0.2595637310760215,0.9767441860465116,0.9767441860465116,0.0
t2_d8_g2,2,8,2,11,406.0,14540,11859,12180.0,4196,3140,0.28858321870701514,0.25779967159277506,-0.030783547114240084,0.2647778058858251,0.9441860465116279,0.9441860465116279,0.0
t2_d8_g4,2,8,4,11,406.0,14540,11859,12180.0,4196,3140,0.28858321870701514,0.25779967159277506,-0.030783547114240084,0.2647778058858251,0.9441860465116279,0.9441860465116279,0.0
t2_d8_g6,2,8,6,10,411.0,14709,12019,12330.0,4214,3153,0.28649126385206336,0.2557177615571776,-0.030773502294885735,0.26233463682502706,0.9558139534883721,0.9558139534883721,0.0
t2_d8_g8,2,8,8,10,411.0,14709,12019,12330.0,4214,3153,0.28649126385206336,0.2557177615571776,-0.030773502294885735,0.26233463682502706,0.9558139534883721,0.9558139534883721,0.0
t2_d8_g12,2,8,12,9,420.0,15006,12286,12600.0,4264,3189,0.28415300546448086,0.2530952380952381,-0.03105776736924276,0.2595637310760215,0.9767441860465116,0.9767441860465116,0.0
t3_d2_g2,3,2,2,19,407.0,14613,11889,12210.0,4213,3117,0.28830493396290974,0.2552825552825553,-0.03302237868035446,0.2621751198586929,0.9066059225512528,0.9255813953488372,0.020930232558139535
t3_d2_g4,3,2,4,14,424.0,15133,12378,12720.0,4324,3215,0.28573316592876497,0.25275157232704404,-0.03298159360172093,0.2597350137340443,0.927765237020316,0.9558139534883721,0.030232558139534883
t3_d2_g6,3,2,6,14,424.0,15133,12378,12720.0,4324,3215,0.28573316592876497,0.25275157232704404,-0.03298159360172093,0.2597350137340443,0.927765237020316,0.9558139534883721,0.030232558139534883
t3_d2_g8,3,2,8,13,432.0,15372,12598,12960.0,4358,3241,0.2835024720270622,0.25007716049382717,-0.033425311533235025,0.25726305762819496,0.945823927765237,0.9744186046511628,0.030232558139534883
t3_d2_g12,3,2,12,12,441.0,15688,12913,13230.0,4422,3305,0.2818714941356451,0.24981103552532125,-0.03206045861032386,0.25594362270580034,0.9269911504424779,0.9744186046511628,0.05116279069767442
t3_d4_g2,3,4,2,15,370.0,13398,10812,11100.0,3942,2922,0.2942230183609494,0.2632432432432432,-0.030979775117706165,0.2702552719200888,0.8604651162790697,0.8604651162790697,0.0
t3_d4_g4,3,4,4,12,380.0,13707,11098,11400.0,3992,2960,0.2912380535492814,0.2596491228070175,-0.03158893074226388,0.2667147233735808,0.8837209302325582,0.8837209302325582,0.0
t3_d4_g6,3,4,6,10,391.0,14058,11420,11730.0,4052,3012,0.28823445724854174,0.2567774936061381,-0.031456963642403635,0.2637478108581436,0.9093023255813953,0.9093023255813953,0.0
t3_d4_g8,3,4,8,10,391.0,14058,11420,11730.0,4052,3012,0.28823445724854174,0.2567774936061381,-0.031456963642403635,0.2637478108581436,0.9093023255813953,0.9093023255813953,0.0
t3_d4_g12,3,4,12,9,402.0,14424,11749,12060.0,4115,3058,0.28528840820854134,0.25356550580431175,-0.03172290240422959,0.26027747042301475,0.9348837209302325,0.9348837209302325,0.0
t3_d6_g2,3,6,2,14,355.0,12898,10370,10650.0,3862,2875,0.29942626763839353,0.2699530516431925,-0.02947321599520103,0.2772420443587271,0.8255813953488372,0.8255813953488372,0.0
t3_d6_g4,3,6,4,13,359.0,13007,10471,10770.0,3880,2888,0.29830091489198124,0.2681522748375116,-0.030148640054469655,0.2758093782828765,0.8348837209302326,0.8348837209302326,0.0
t3_d6_g6,3,6,6,12,364.0,13176,10631,10920.0,3898,2901,0.2958409228901032,0.26565934065934066,-0.03018158223076256,0.27288119650079956,0.8465116279069768,0.8465116279069768,0.0
t3_d6_g8,3,6,8,12,364.0,13176,10631,10920.0,3898,2901,0.2958409228901032,0.26565934065934066,-0.03018158223076256,0.27288119650079956,0.8465116279069768,0.8465116279069768,0.0
t3_d6_g12,3,6,12,10,384.0,13833,11223,11520.0,4008,2978,0.28974192149208416,0.25850694444444444,-0.031234977047639723,0.2653479461819478,0.8930232558139535,0.8930232558139535,0.0
t3_d8_g2,3,8,2,12,333.0,12194,9760,9990.0,3695,2743,0.3030178776447433,0.27457457457457457,-0.028443303070168735,0.2810450819672131,0.7744186046511627,0.7744186046511627,0.0
t3_d8_g4,3,8,4,11,337.0,12303,9861,10110.0,3713,2756,0.3017963098431277,0.27260138476755685,-0.029194925075570866,0.27948483926579454,0.7837209302325582,0.7837209302325582,0.0
t3_d8_g6,3,8,6,11,337.0,12303,9861,10110.0,3713,2756,0.3017963098431277,0.27260138476755685,-0.029194925075570866,0.27948483926579454,0.7837209302325582,0.7837209302325582,0.0
t3_d8_g8,3,8,8,11,337.0,12303,9861,10110.0,3713,2756,0.3017963098431277,0.27260138476755685,-0.029194925075570866,0.27948483926579454,0.7837209302325582,0.7837209302325582,0.0
t3_d8_g12,3,8,12,10,348.0,12650,10172,10440.0,3776,2805,0.298498023715415,0.2686781609195402,-0.029819862795874785,0.2757569799449469,0.8093023255813954,0.8093023255813954,0.0
t4_d2_g2,4,2,2,22,355.0,12972,10408,10650.0,3920,2906,0.30218933086648164,0.27286384976525824,-0.029325481101223405,0.27920830130668717,0.8171296296296297,0.8209302325581396,0.004651162790697674
t4_d2_g4,4,2,4,16,376.0,13605,10985,11280.0,4024,2986,0.29577361264241087,0.26471631205673757,-0.031057300585673298,0.2718252162039144,0.8657407407407407,0.8697674418604651,0.004651162790697674
t4_d2_g6,4,2,6,15,381.0,13781,11148,11430.0,4047,3003,0.2936651912052826,0.2627296587926509,-0.030935532412631694,0.2693756727664155,0.8773148148148148,0.8813953488372093,0.004651162790697674
t4_d2_g8,4,2,8,12,404.0,14462,11775,12120.0,4151,3080,0.28702807357212,0.25412541254125415,-0.032902661030865865,0.2615711252653928,0.9305555555555556,0.9348837209302325,0.004651162790697674
t4_d2_g12,4,2,12,11,415.0,14829,12105,12450.0,4212,3120,0.2840380335828444,0.25060240963855424,-0.03343562394429017,0.2577447335811648,0.9560185185185185,0.9604651162790697,0.004651162790697674
t4_d4_g2,4,4,2,16,302.0,11157,8826,9060.0,3516,2614,0.3151384780855069,0.28852097130242826,-0.026617506783078615,0.2961704056197598,0.7023255813953488,0.7023255813953488,0.0
t4_d4_g4,4,4,4,16,302.0,11157,8826,9060.0,3516,2614,0.3151384780855069,0.28852097130242826,-0.026617506783078615,0.2961704056197598,0.7023255813953488,0.7023255813953488,0.0
t4_d4_g6,4,4,6,16,302.0,11157,8826,9060.0,3516,2614,0.3151384780855069,0.28852097130242826,-0.026617506783078615,0.2961704056197598,0.7023255813953488,0.7023255813953488,0.0
t4_d4_g8,4,4,8,13,323.0,11825,9422,9690.0,3646,2711,0.30832980972515855,0.27977296181630545,-0.0285568479088531,0.2877308427085544,0.7511627906976744,0.7511627906976744,0.0
t4_d4_g12,4,4,12,12,334.0,12191,9751,10020.0,3709,2757,0.3042408334016898,0.2751497005988024,-0.029091132802887387,0.2827402317711004,0.7767441860465116,0.7767441860465116,0.0
t4_d6_g2,4,6,2,13,283.0,10563,8324,8490.0,3341,2467,0.3162927198712487,0.29057714958775027,-0.025715570283498412,0.2963719365689572,0.6581395348837209,0.6581395348837209,0.0
t4_d6_g4,4,6,4,13,283.0,10563,8324,8490.0,3341,2467,0.3162927198712487,0.29057714958775027,-0.025715570283498412,0.2963719365689572,0.6581395348837209,0.6581395348837209,0.0
t4_d6_g6,4,6,6,13,283.0,10563,8324,8490.0,3341,2467,0.3162927198712487,0.29057714958775027,-0.025715570283498412,0.2963719365689572,0.6581395348837209,0.6581395348837209,0.0
t4_d6_g8,4,6,8,11,297.0,11029,8735,8910.0,3434,2536,0.31136095747574577,0.2846240179573513,-0.026736939518394454,0.2903262736119061,0.6906976744186046,0.6906976744186046,0.0
t4_d6_g12,4,6,12,11,297.0,11029,8735,8910.0,3434,2536,0.31136095747574577,0.2846240179573513,-0.026736939518394454,0.2903262736119061,0.6906976744186046,0.6906976744186046,0.0
t4_d8_g2,4,8,2,12,276.0,10304,8104,8280.0,3284,2427,0.3187111801242236,0.2931159420289855,-0.025595238095238115,0.2994817374136229,0.641860465116279,0.641860465116279,0.0
t4_d8_g4,4,8,4,12,276.0,10304,8104,8280.0,3284,2427,0.3187111801242236,0.2931159420289855,-0.025595238095238115,0.2994817374136229,0.641860465116279,0.641860465116279,0.0
t4_d8_g6,4,8,6,12,276.0,10304,8104,8280.0,3284,2427,0.3187111801242236,0.2931159420289855,-0.025595238095238115,0.2994817374136229,0.641860465116279,0.641860465116279,0.0
t4_d8_g8,4,8,8,12,276.0,10304,8104,8280.0,3284,2427,0.3187111801242236,0.2931159420289855,-0.025595238095238115,0.2994817374136229,0.641860465116279,0.641860465116279,0.0
t4_d8_g12,4,8,12,12,276.0,10304,8104,8280.0,3284,2427,0.3187111801242236,0.2931159420289855,-0.025595238095238115,0.2994817374136229,0.641860465116279,0.641860465116279,0.0
