Timestamp,Height,Id,Status
1759929550,3517124,7486765e2beea9e4ce2b0ecac85b4a3fb911012d7447479572826c95ef2b3d65,CHAIN
1759929070,3517119,368a93f1fe31276ceebcb80ca9c04b3c09ed6304dfe6d63f2899654a7fbf8eae,CHAIN
1759927791,3517114,f1b31bf1672d3918b0a70f41c711b8708209eaf4eebd564bf1f81e5ee966b9c8,CHAIN
1759925926,3517097,eda8efda8115dd65cbdad6e468ff3547382222409b606b8beb6ff8742519f162,CHAIN
1759923998,3517080,aa90e810389a3c472a1aaf7dcdb2a19b6ce45db6b404cb033ddaba150e8b5693,CHAIN
1759923716,3517074,3dba39fcb792524352f839699a35fe30dc31d844d04d7e12f1e4e24dc3c40bb4,CHAIN
1759922881,3517063,b779d1d1c6d26f5e65b08ea1a15520dadc8f481957d8c9fbc19f8fa79eea5021,CHAIN
1759922862,3517062,9c2a23a67c735c3acfb7978c1942cf34adffa6b327a3c881a2ca0b1dadf86d35,CHAIN
1759922317,3517058,23c27390589f70cefb1c670d46bbbe4bc190d8196a7a84a9199e473e0f5c0ccd,CHAIN
1759921436,3517051,e5c4f94ed8a64ebf533aba226ef78dfd936b6bbe3da64aeed7477bdc2547cd0e,CHAIN
1759921423,3517050,a744e672ff11cd12f3f83ed8efef2ad0e02341946dd2201154447be79ca1ec4d,CHAIN
1759921065,3517047,56e79cfd8604cfcb3b626b0c10c524cf0d7b2e4113182ef96297315246c46744,CHAIN
1759921039,3517046,58e9af2838430569991ce6f1e6063c8aa580cfd903750ad5fe02a634dc9909f4,CHAIN
1759919370,3517033,346d8f2821ee3c1388360ce429e4ab157f28345e42111e4569ff6ab63ef53fd7,CHAIN
1759917854,3517023,4d008f8bbee93ad49a288b145785ae85051df227c0e3be2379bbf7e2882e6efd,CHAIN
1759917569,3517018,6857cbad84ae1d89ae3b80225521f15a0c167a5e9d4333c25909b0037f569898,CHAIN
1759916392,3517013,a92e30f97114235d04a1237bd191d923cd798f18e2d0c6277a7ee7af418fdef7,CHAIN
1759916363,3517012,edba8726116cf29b5c7a3dc69df6e27a9b43ef18619eea57564fd3f82e38afe0,CHAIN
1759914873,3516997,f0f0a84eb4cc4f65653b30cad61c6b3450726effcff63739c6be822e40924002,CHAIN
1759914291,3516990,6f1b7f19d37c406122d0d23b71f074f5486018432f34824ccbd5b1e34c538698,CHAIN
1759913533,3516986,a1f08cc24664c7673d44a606685369ea30e86dbbccc3be59f938a9a44ffaba62,CHAIN
1759913223,3516981,24c2d225d795660c51cc718356b9d1fb82cf926eb690bef097111d7211617636,CHAIN
1759912034,3516975,879e766f0095ad8f4bb5d18754711903e85b991d0ef8639fc6fc241ec9e361d0,CHAIN
1759911939,3516974,b85f33fbd9494346f4030363e26867ffaee01234db2685c8b5070988dfa856de,CHAIN
1759911780,3516972,388004be5f54a5ff9c36bcd9490c4c94a67f1b6f5b611e8aba94f15f1ccffef1,CHAIN
1759911423,3516969,f3537e206f3c75854079b98c4f62b63a4a377efd3bee5c77288b7632b891cecd,CHAIN
1759910555,3516964,f3227b171d4a44f42d2ea3d312db6b403de3104dc978599a2e72405635d58db3,CHAIN
1759910296,3516960,63b05df6ec2669ac748d1ae9669158cd573801f3d0bdeecfeb33a1c7f159d340,CHAIN
1759909098,3516956,4d1746667b2e11fbe3c4b3aa8b1eb3084d4427d86d334daa0fa86396ecb62c71,CHAIN
1759907513,3516943,d83a640d2d279c9617913f9115a349618b76ed944227ae8a49a16111d1675b89,CHAIN
1759907363,3516941,f7706952655210d12c4f3a17df4c736a4396f3224f3dea27eb16ebfc83a541bf,CHAIN
1759906344,3516931,827e7e505b058c523cbf78f2d7301f9f3849aec09fcfb50d75cc31f99b4e22e4,CHAIN
1759905924,3516929,5114a0cdf28dd19d490020a06c92d1c181ef84f9f67309633d024444b03fb610,CHAIN
1759905875,3516928,01957b93ca567b521c82e9ed1f6f345cf6cff9e2b4d582157f9ade1cd759147d,CHAIN
1759905719,3516925,d531341c7a13d846331a66d3c32fa6a15255f6f03e34666ff70aabece63e9a4b,CHAIN
1759904965,3516917,616a7da5012fc42aa63095bc10c59279b8b5392452592d7e3ea244d7fd32a1d8,CHAIN
1759903410,3516911,8d621ac9c52d82a4d5b3c515884515ca51dfeac74412584a804a0abeeb95e8ad,CHAIN
1759903219,3516910,9bf418962c404912bc0b80b2d93f54a6e469a60efb0ab6baafdc4777bff87f9d,CHAIN
1759901656,3516901,e32df1ba2221905989008c2fa4ee5711723f193073be6bf8a1245890ccd9cc18,CHAIN
1759901569,3516900,2fe0477260f069304e867a12275442e6f6700cef4929c496c1a64f54b270f06b,CHAIN
1759901517,3516899,6590b7898d32ca06f6252eea7962c6bec5061325f9bccef3c16b083696ddf0a7,CHAIN
1759900606,3516889,11e49610b267ca6e31cdb13027a8fbc3915b52decddaa0dd2a78bc08f1d31c48,CHAIN
1759900503,3516887,f872700c275db57ae51160407acecc7f503aef36d933c12adfd9faf5b86a0a38,CHAIN
1759900160,3516885,5adfba8b8f46fb56222b94ee3e89a488d9faf82db6edb64dfb8cab566c86b849,CHAIN
1759898459,3516871,bd61edf84cdda71d22a4fe1fa606a80092f05bdadec9a937a271c39e6a93bd47,CHAIN
1759896178,3516853,b6f994265bd3b183e320700dd941f6477198ec6a6f0b0c74c042598e257d409a,CHAIN
1759896061,3516852,a69510c2b033b19866b0e13336906cf1e50d10539738f9168b60a6c9b0c39ec0,CHAIN
1759895783,3516849,5de6b343f5935e125baaea1621f1309f7b6964e5796d27d9a4eb9eedfdc945cb,CHAIN
1759895652,3516848,721a48503409e268b1bb1d2220ca4767421292c09fa64f8a8214d822e2f283b6,CHAIN
1759893271,3516831,fb8a76e2cc20b7dd4d40f3fbaf418890d6e78b58b6b5b7dff73e4a92ba61ba96,CHAIN
1759893082,3516829,d6a205eae3e9cd1650bd1aeb2b4080c30eeb23e26cc9588f745aeb3996a7cf76,CHAIN
1759893060,3516828,f53cb00d988a90526150ab5731cbf94022c0b2bcc09f39c091e5648ab5d1a952,CHAIN
1759892788,3516825,8b5cf9feff68a4749b5580d4e35c5f7dc27305bbdeb2c0a4a43a927aa6f5f3f3,CHAIN
1759891638,3516816,39c1a49fd48916acfeb557ec584b774ef98180c8c32b02f6843d4ba2c51435f8,CHAIN
1759891605,3516815,6d3ec8b217999ca5c86360e9c55412280276b2a7d79258156a9df379cb52ac91,CHAIN
1759891343,3516810,3f7ec7bd9f342651a0cf1d66609cbeebc9cd202aff1775792792da5752961ead,CHAIN
1759891329,3516809,f860420ccafa972d437f3e102a7dee24db9d966b32968a5a0169ee3770cb2e9b,CHAIN
1759888718,3516781,1468b58fcd7cc2c821ac9be73cb2d565af753f860aecfd52a11d88bfb15c0444,CHAIN
1759888623,3516779,bf8f7becd123f9f1b2b329962eb366ba0608b45a0f2b6b6c375f364edf284cd8,CHAIN
1759888499,3516778,57e4464ac74b4892df78d160e7e3e28bf5965b13e6e9af5bcf0967e2d86aa837,CHAIN
1759887470,3516770,b742cae044426eb40d9488b0bd2ba72455ef892f13d0881374827d7a4af66287,CHAIN
1759887275,3516766,058f7dbca09715d66391b51023b68d679964d0c5da79822ff6d86654782fe595,CHAIN
1759886913,3516762,cc3b6ddbaf14bac7c1af91858f8991134a17c09aa656f82e1683fa1dc0edf7dc,CHAIN
1759885735,3516753,5337027d71ffd44aff4fb8d3d6e153da2d3352de678ee7b43dd71f0a7e4c1578,CHAIN
1759885722,3516752,56e1a7bf0b7b92cb8744cca0f14a13692ac11669b023eddcf3c8c4cfec9fbd5c,CHAIN
1759885696,3516751,0f38ffff524dd7a4a195b8e58747c62a07c23899e7b6baa7bfcbf9f38d39faf3,CHAIN
1759884284,3516736,b7201181ba25e2f549eda3ebf6e8945e6c30229f939f1347319e023eee1dae15,CHAIN
1759883928,3516731,defd93564c88a2d414c395815a1076b2c7b73ba2e135444475d0e531de3106ad,CHAIN
1759882435,3516723,dc4f8a89815ade35b40814b8e1ce53792f216ad2d784cdef79693f408f1ed02c,CHAIN
1759882242,3516721,33afe3773fa5ddf9cf7164e8c7b3e817ed4cd84ad0952aad3345bf6cce097433,CHAIN
1759882105,3516720,a69e7620223a723cba51f5934581183691118049f50ed222acfb67b2d678ca8c,CHAIN
1759880734,3516711,07d0c661f0b68b6460365ebad73fb99cead5aeaee5ff06d573355fed8388aeaa,CHAIN
1759879281,3516697,b492f4f4d33b8ee3dee327c69faf71a70e54e9c8635ce5a055e8a3c19eedfd60,CHAIN
1759878979,3516694,8b7f846938e463df1ed917aa279c830472bccdf3a89c531b546f3bbda602569d,CHAIN
1759878063,3516690,e2c45ab81a7215ad91f5a38b19342a3e0b3acc6a974d9eaab6414ed854e7f8cd,CHAIN
1759877816,3516685,647fd59cd1ea2e32ce2c41280d8fddd9680a2db8f37005238190b3ed1e24fb83,CHAIN
1759877755,3516683,f89e9d0daa2732a4132497f9a6599839fce81ef192657c3a82f2882b74c8f9c0,CHAIN
1759877538,3516682,b1d6279b25f7ead227f2ba1476e1839e8bf79a0d29386c95a17541bc603aad8a,CHAIN
1759877425,3516680,05ccdc49047a1c6088e0864369b9b8b95ccc9370e8991df48300c2b31b20b729,CHAIN
1759876318,3516673,aa7eecd3dcc97a9b9c68faafe1dcd74bae929e903ec04892a7aeb95b352d4fd2,CHAIN
1759876283,3516672,fc3f175949430d4154d3b3711a6a55bf9772bd287ab07d4b1111e17f2cfb8c8a,CHAIN
1759876006,3516670,c2207d38758ff3437ae77625a2c17991ac41c864eb6641107cf27c48778ef9aa,CHAIN
1759874366,3516657,f7777dd3c3c7b5fc8caa06134439c7861802c7c1f28d738ab2649df4daece1e8,CHAIN
1759873290,3516649,daf6a8c9fc8577397174e93d1a2368efdbce38c001141753f6355694325a6453,CHAIN
1759873192,3516647,70dbd6fa8847d9cc24bb868649fde4ba045555d8869d3ec1ba665999b017631c,CHAIN
1759871492,3516633,7dec7eda1e86964d7d2bde063298e17e03eed92315523c93e774eda41e7b8182,CHAIN
1759871489,3516632,405dcbe73c9211f809433dc89dbca15ee009d29c7214fd4a3a6140ae6e4e707b,CHAIN
1759871420,3516631,05849a0c62c676b75b325a6b7af7f3d8104c1b3f49369ae363592d376b72f9b7,CHAIN
1759869976,3516622,7eabd60707a40971b456e6a89833276bbc9d95f9cdc0b1fa9feaeeabe37d653a,CHAIN
1759869851,3516619,0d32b6700e525de1af8e0139f38688f8ce96cc8c371886a6894338917be54e00,CHAIN
1759869770,3516617,f4eff8e80b8a06673d7a906313402e618b8c29d02b8cd0d0539a13d69e56d4a1,CHAIN
1759869765,3516616,d1d1a55e1f913827b3686cca7e8c2fa5db2f5e3c9e807e933fe833d9ea2dedd8,CHAIN
1759868761,3516606,3e58201ec85296bdb420092d44881d6ad82e8532ea79a6e217ce6bef773a1dba,CHAIN
1759868755,3516605,62bfaaea63900d7113389bcb2db545248b39bbf8aa21b2e61fe24a60cf6d053b,CHAIN
1759868258,3516600,74f9f49ecd6d9319d365cbd8098fd31d2db67a6940bf0e491ec8108507a849d5,CHAIN
1759868146,3516598,a9656ac7fb050f8b3119a2f882b0cbc40bc088f8221e836466c83c0eb09e4ea2,CHAIN
1759867974,3516595,9a47c6867c9104d4e0fa37768505fa1a1f43a170f127be1c0ae6b6a1879f0876,CHAIN
1759865494,3516572,80faa0bd6a496ecda41876a5c46a043507a8681b753f698ba969368b032022c5,CHAIN
1759865028,3516570,8645c4e4fe63cce39a251434d8971ad3a0b92aceddb079b7b19a57c919f19536,CHAIN
1759863962,3516560,f6949cd75de24265881e64a3321f532a3410c8ac1c70c6a92fb5c254074dc442,CHAIN
1759863873,3516556,0ea0854b2d4b2797885e4e8948d36f30efa941a22ad56407021ea261e0032ebe,CHAIN
1759863531,3516553,f0efb9b9ef400250387de0962194f5314cc222cc909d875179730c57a4bd6211,CHAIN
1759862505,3516544,3f7a19fce94ddf470a25bb91502cc48d30013f3d0eebde993d9a5f06aefc4bf7,CHAIN
1759862189,3516542,baa64b5c819d13e3fcaf6f4db3383d983b7cfce6684a8def0e324874d8b3d198,CHAIN
1759861814,3516536,4eab2f08aaebdc92fdf4221dc564d6b9189328f27b64ce1368ae49f0102e0b63,CHAIN
1759860719,3516529,416c29a153973be2389c20251618314908f2cb31c144906e8b7c02275cf2df99,CHAIN
1759860629,3516528,fb9d8f7aa3356865f4656aafb6a9d666844052a466935bb15d00a3b947667539,CHAIN
1759860591,3516527,41cbf2a5e5361af0fc8d7e74ff34de031287ce900edb2ab56231f913164e1c65,CHAIN
1759860498,3516525,a8c8513f02f402d850374bccf572387511baf99de9a3768c499201b0699ff284,CHAIN
1759860322,3516518,8a1f6735995cac1711303edc7469671406acbfb6953b59db98f6c7cbb51157d8,CHAIN
1759859331,3516510,a1fa54bc4191f91e021e36cd92c99fca413be497c449df044874c9069bfb899b,CHAIN
1759857756,3516500,2a9caf127053f97231a83494b935cd74fb0280068fe69ceb15b157a7087289be,CHAIN
1759857740,3516499,aaf987d091de187ebfe57cf2c5cd49ced39f58b8bd5658cfbeb5b3ebd4ee7607,CHAIN
1759857635,3516498,5100af314919c6bfdd71cb1c446118e4bec343af2c5f29830c8fdd5a56b2ffc1,CHAIN
1759857473,3516497,05bfe31de309b7b082382af9f78496d95a015a4849c963f9066155f97e7e0dc3,CHAIN
1759857304,3516494,971bb12a0b3edb1693c74ae5514fd9a530b58d6ba9db5bf2aa04e9d2169d236f,CHAIN
1759857244,3516493,7fef2d918830a2887c1bebedc9c7d376a90587cce250293aaca7670dc817d974,CHAIN
1759856100,3516486,63590c97ebf6292e53f82389b1ece772ed65c225e677482feff2c06f6c2b584d,CHAIN
1759856066,3516485,778207d68801f4ce05c2a95adfd69cf0a4d97967b891c188153539509817947c,CHAIN
1759855847,3516482,36bd85f6d1acdd4eb5a6d29884e4486129a2ce0f8143fd3d018ff4fc4e443638,CHAIN
1759855589,3516481,7b921ba328893df4beedf7f9e77ebd7696de8f9154be69e6855c8e2698324215,CHAIN
1759854521,3516473,b1841af36072647fe69ccaff90eadd07a4a8f86e5256e9821509b0abef0a21dc,CHAIN
1759854408,3516470,a19e87cc79b771ea8815ed35f8dfd4edb69f195c8f3331840ba030bb1b5f4cd5,CHAIN
1759852608,3516455,ca18c670d458607cfa27911ed0d8192d7b165208b359b6aa882f9727c0f37337,CHAIN
1759852484,3516454,d7ff04a7187e62d4a094fbd781870f64d0ff7974e23326f4a89fde0e765fc412,CHAIN
1759852435,3516452,35b9f10eef8a5c7cf006c151f585644b9a23c5a2a7e091981380128bab8b3e14,CHAIN
1759851223,3516441,7f2e10aaa94929c7c160e04f0ee272d5f3f77a6f814f7c4ec62fc898677d6a2a,CHAIN
1759849971,3516431,7876cb1701059d4f9b2b0028140b663f0b81bc74bc42107e16b2801475f1d5eb,CHAIN
1759849316,3516428,eaf032f777801c320dcb00b374229436995bb2d0975f0718f5393a1345b90e57,CHAIN
1759848425,3516419,03da070433b6d124c4d7f70c9e9600ab0334821ee43204b7b930991d397d016d,CHAIN
1759848152,3516415,8d5446f588d841d4349d0aeb5aef70820455d0cef2cac2c97b6b0a4a9c28d664,CHAIN
1759848004,3516411,9d11063a42ae821e801f9d47e25f290f7221b9a464f543e8c36863366af7ee16,CHAIN
1759847944,3516410,71cbd2fba1928bc643242d768ec062c9520308fa505f730fc46218a4a5c2f35f,CHAIN
1759847807,3516408,af522dc7b6748508341c281237c5bc2d9893b7871e3a1df1bda5516a682c1aac,CHAIN
1759846684,3516390,95c0aa6534b8600d8ce9967ae646b282b0dbbfe06cbe4363c907f416ae8dbefe,CHAIN
1759845495,3516382,220eca8d79d26c80e7135b80034d36b0595b11577288f1c674dfbbfbe269544e,CHAIN
1759845475,3516381,4d9d07414b8e5ba0bd1ce34a57ae3266566da4e7ce1c6312a44599269ba64acd,CHAIN
1759845096,3516379,90506e41d3c651e832a89e38f34bc21ea34661f8e60636fb707683eedff38fcf,CHAIN
1759844813,3516376,ccda6c9ab9f4f39f5226bd743e2bbb7db2ed3a1a3b092bc5eee59888a622307e,CHAIN
1759844774,3516375,23467dbef5a57e1b2560effb95fc5897aedc2eefcaae7691254f1aba691798c7,CHAIN
1759843902,3516369,20161d4412e4869f2c52caa12b47c130b20c7ef6e43a0256f1cb4194c20b5f23,CHAIN
1759843770,3516368,d5d0f98ab77d147928b3b0506f10cd1d60651bb306e83fdbbc12b10848bd61e2,CHAIN
1759843564,3516364,60e4ed4b6dd5017cb3bda9a355a578f5f4b88a4037f28257bb76adcdbaf778e0,CHAIN
1759843523,3516363,801242c62eb13665e96db6be05a4cebac27a5784f7958f091eabc043b0fdea43,CHAIN
1759843435,3516362,565e6d335f0f00f11dcaecbe3b96a186c4fd8f486b66241c69fbc2d7692bd409,CHAIN
1759840570,3516337,dd1669c2daf7757cb3306b66e77ff02567115646c1924ea10247aee1ee3e3300,ORPHAN
1759840338,3516335,1ae8ac90465c377c214cdd762698e535b8edeaa1ec98a1912dcda01f1767436c,ORPHAN
1759838914,3516322,175247924f29954ce7c0e0c99269bc198ba072d8d5c95586d804e0baf9428638,CHAIN
1759838884,3516321,c4d36d20a863b3a6251e78df602d60fc79ac76f75f5b8ee15ca9a3e891c2e5b5,CHAIN
1759769991,3515770,fd5a4c77b491ad8456582b3bd8c3dcbab696e865308352776294b7b51a393f1e,ORPHAN
1759297213,3511869,8b21925560b79e74ebe5a02cb155745884ab0ed144c2bf924bec6e968b34b3c2,CHAIN
1759297104,3511867,a1ff1dba4465c6b62690167141af853ab9f8062fd102c093f2fc4b52b30138a2,CHAIN
1759296979,3511864,227f29ccfad4049f39a162ac494b2b0674c38f4bd022536e8f78255b534a8dde,CHAIN
1759296657,3511861,2106868f10a601247dccc2950d05a57219b745903eae6181b1642f81de684bbe,CHAIN
1759295478,3511850,87dc2ac05f48308710aabaf6369e2fe7a91fb0febe5ad92c7de770a65af3eb96,CHAIN
1759295395,3511847,bb60dac3ca8ba9022a2d3a18ef4eda87da1eef9e5b79b5efe3a25d94b0eb9d88,CHAIN
1759295270,3511846,a52f6a29b5ddb6eea45e711a704a10bba6dff5e19b1ff5bbef1bb75df0775864,CHAIN
1759293575,3511833,24567b4ecaab864c398466d54d831081a18f9d3c0f1c829e8223e15491c9882c,CHAIN
1759293402,3511831,ec0374bcff5b661c2b22677d1c2a2f92bbc28046b65e960d321ec0fba5cfa625,CHAIN
1759293332,3511830,f1926f6223ce9f8766cef4e68c9f0440de79751237a77edd67a8da7bf709791b,CHAIN
1759293043,3511825,335bb40cd5156ca2f4f323f05916e1f4e9e7e64d6c5d303b1f535c1184bd79d4,CHAIN
1759292775,3511823,d5bf867d958b7fcafe426024e804d4a2ecb47f14afdd1eba43b2241b8b26c154,CHAIN
1759292485,3511821,16e08acd5f9394b0de04f8f8a541aee13705280d0e14415bc49a8dd5f47980fb,CHAIN
1759292120,3511820,e14da1bdbaa29b65fc4f84ea173900b5909f8f30d84557a85617d83c86a5e1ef,CHAIN
1759289493,3511802,933adc73d20d8989441ad48ad5fb08fe395578f3fe9e6ad2884329ffe09e61aa,CHAIN
1759288602,3511795,c8bd10b716352828d4ede6a1242ef0b5513cc0f65f719724f3c0e945dd77b21b,CHAIN
1759288499,3511793,563d7013bfdcf8bce0088b82583a775a62ec12e816d0885891595ed26ac76099,CHAIN
1759288318,3511791,01ae1d37a2a5a4acbb41b288ac9f0a714d37fe7363ce4f5b756d43fc53871757,CHAIN
1759288212,3511790,1ae516d01518372e1936d149ab58728ef092d5ec63679a9db5c055bff01567ee,CHAIN
1759287114,3511782,ecb6e2bd056090bd378122905621ade810d0a1f700316f9ab458d21c1ae72183,CHAIN
1759286475,3511776,a5f441750c50907e963b7ebabe3cd75d26f56d8e0da66a32db7eab9a57c7cb0c,CHAIN
1759283511,3511758,80a57716d1786cf7f75b22da7e86777f7e7577f3b0f0e726942df033d8ef42db,CHAIN
1759283225,3511755,2996345fa48165d8b024f03290b7ec6545b1b939565f4228ce0a7a0d427f7599,CHAIN
1759282948,3511753,43f31590d017d381c98fb7e70d0f150f18eec38c847204df8c99073f2b3b7b95,CHAIN
1759282014,3511748,98b5b59c8043c87c971b9ec87c70c32da35dfc9969bb3feb492bb96d39c37dd9,CHAIN
1759280061,3511734,e8852e06b9454f6a07b6dcea529a4fa3f47d4e83f55843827d86da7caeece384,CHAIN
1759280021,3511733,b81a58751aa918bc31f39d77b648962ef148447d97c36aeb9a64fdf8f91f4d61,CHAIN
1759279749,3511732,e37bf8839d441216e4e3d90bbc26f092c804b63b31f5ac167691aa47f9a8b084,CHAIN
1759279528,3511730,bdde3d1ac389905999f7bb6976c3832bde3e0c56a5f13d22d134cbb0a8fe8e65,CHAIN
1759278385,3511724,9787123c5fff723f26b2589eb7aac92fc9caa843c2f1602e18ba50be25713acb,CHAIN
1759274555,3511698,11fb765a9fb8f2abf0d247247fbc2be9730b5ab8ee56aef4475416bbdbad098d,CHAIN
1759273622,3511693,5e6a98251fce60c581c8c5640792f54aac073a04be1d727a971bdefa49982a07,CHAIN
1759272981,3511689,bcdf7e8f1a33fa18b1bca3dd17721417707e7abeb9bd61b444ee520ad88a55c0,CHAIN
1759271973,3511681,0ed57e8f8d0b4c213fc5bbac34a1f2a4c25abe0a7ccf037392056be264b84b21,CHAIN
1759271347,3511675,bbe1b3c567b635f1ad03fdd79b9a0c95ecd30b4b4cb2a7a1d6d789a261cea0c3,CHAIN
1759268415,3511649,38b8148d434d86009e9661328350e1f29563a976297746b4f5fa5c0ce87774d8,CHAIN
1759266999,3511635,572556aa269181d13e14e43be36d62b66fe80074ecaeb80f068c756570449de6,CHAIN
1759266946,3511633,cc1bf4355cbf606686e727be685e3d7198787a0e5e9a3e2c203493a750801be5,CHAIN
1759266755,3511632,195245ba90c7fed175b9871f442f10138aa217896867290bb61d6740a394a7c4,CHAIN
1759266723,3511631,8da877c7c26d04328a70d74afbe3ce60765d334264a9e52f32aba6dbb29bb567,CHAIN
1759265284,3511620,d09d1a7f8ae5c3fe04af61abe5571919b675d32f6486ed052672275faa5bac17,CHAIN
1759263171,3511604,3f5687764511d03dd5b4b52a19cd7eb69bfed48f7274ae60aa594158bc3f9520,CHAIN
1759263069,3511602,c75bb7bfed6becb837a5552b55155c9225fa84ecd82c2696800ed6d87ee2c5cc,CHAIN
1759262090,3511597,856715bbb3b18adecb7d1a339731f19f55fb0fae7caad292673626f77eafdd08,CHAIN
1759261656,3511590,7206580d4968a971c4fc9072420dc347dfb885c5574e64814560653ba1291216,CHAIN
1759260382,3511580,f2c8472fdc3416669d14727f093487361088ce376ac47fb0cc89f43dd0f176c6,CHAIN
1759260377,3511579,331b4847d193e65cf47bbbedf24ad310ad17364d7ed45c152ae5fa10fe77fe2d,CHAIN
1759259707,3511570,70ce4a18f2b745465882b49b8e4b6c7ffc05a0b4a02f14052cfc90306784e961,CHAIN
1759258448,3511564,36c4d828b358e45bf9a79d8e7024b548e4e3d53ed0a4e6229fe746b5abeff15c,CHAIN
1759258132,3511563,0879b782cef32938d6d5af813f3da1a868d07cb85a7e19f4b9bb0960962ffd21,CHAIN
1759256692,3511549,670183f3ba302f1c8728ad5603b42b66152b067c1ae6c0ab7c71063a0b0f40a7,CHAIN
1759255051,3511539,367195b6e20794b7320613542d3c455deb7082df828a1341188df4766ed6e3ec,CHAIN
1759254966,3511538,638445b55a7947ab1d2dbec9f824889d432b7cc5d7cf1c1c7536b2065fa8d0f5,CHAIN
1759254734,3511536,da6de73fa5b9775025f2c62773607d7869253b41b2c7bdfd9c08c56cef2e9f5f,CHAIN
1759253821,3511530,e1ee4da93d6ff561216ca04951e0c90a26a79505b4700ab43d7a527e50554527,CHAIN
1759251860,3511519,75269a091eb1d95396c86e49084b5df1953e45226c4f0a9751ab246512e6f0c2,CHAIN
1759251510,3511516,c5bf8d78e55aeb4c84732e97a880ac6e6167f66d0feaf27ff9f3b10220bb206a,CHAIN
1759250172,3511507,3e39d1186c55c3fb924bba075300967db3674f83d21258ee50c3b010acdc0d95,CHAIN
1759250151,3511506,06e9d9d32eab1fde84bd751cf2005cbe78afa9103330f704e501fb1edf8a7cb8,CHAIN
1759247073,3511482,8c59dfc09b51c0cabdce65fa5cbecf0dbb5eb7713cfd91cf9f1ed4f11cf19a56,CHAIN
1759246800,3511479,567955ffb3cb4ef254da5b75af703d9741c860d244811640f64c2210194421b6,CHAIN
1759246709,3511477,e69c58c46d5b6c0b27dbdbbd53347e16a5b5f564aa2ce0bdf9f6c7e73a7daa3e,CHAIN
1759246693,3511476,29cd9ffe6f6ddda297ee8f174aca6a6b6becf115cd597536dd96c5541a42f259,CHAIN
1759243507,3511460,1426a4c275c26fc145b48f48e04bac1cb6473e773bf5b660d26dd48bf68234a2,CHAIN
1759241721,3511450,2cedba94afae7365cf3a5091b1fc8021a6f26238da1379d648fd9533e149c10c,CHAIN
1759241312,3511444,7b1bc62e970ed00c6fecbc0f3495e8d11951ef7d2b96834d271d5193317e7f9f,CHAIN
1759241217,3511443,76706a732557e9995c1841cc85bd62d24b99b847e4da837c6c9119cc4823a277,CHAIN
1759239892,3511434,a8ab0d5572c7c75239a05b6984ab1c4b54ea68b9926707b690c1a857219fdc8f,CHAIN
1759238018,3511421,c2fd745bb2438e9c1dd78d8d462ea18a0e952d979bbd3f6fb6ac0584bc83ad5b,CHAIN
1759236220,3511409,d15a3a5200f1e52414eb1a5749333f8ab69acf3b645f95b97e7a059cf128af9b,CHAIN
1759235170,3511401,6cfc7ba22d5868bcef5d90f9aac8d9399fe8c63ecb776ea532eb22c7936c6d4f,CHAIN
1759234898,3511397,491a3c0f9da45ae10585b65472578988c9ac87afdf6fc78c207bf6bfab6f2f17,CHAIN
1759234729,3511393,889f71c94cda8210a5d020aaa611aa864cb341703713ad525288100cd92b72bf,CHAIN
1759234660,3511391,32b1e18602dadfeefb5e40816720f66b164f0a8d22f275a23e431223afbf7c5b,CHAIN
1759232972,3511373,3fefe0766a85848fbca0fec4c23f60a7eb253244541f942fed7467148cb3e367,CHAIN
1759232275,3511366,8d7d3c54e4ec4dff542b4038dee662893bb17c48d6b23aa782772e1aa98c95d7,CHAIN
1759231693,3511363,7e1069bdba2342bbc69f7c12801b89ca594e2157293bb14ac1cff46639b94001,CHAIN
1759230950,3511361,656c0790c10070d079ff084c8fe43e63317aba636c64213fdc1248c1b2f16683,CHAIN
1759230495,3511359,4212c7ea0a512809e5ae08e0526881f0847060dd55987e86756a8d8ea2af57ae,CHAIN
1759230200,3511357,b2167ff02282c18d4f577fffd0b51043a3820bf2f810f4ff20fb365bfcb2fddb,CHAIN
1759229983,3511355,5a9d51c8ff07c9828c424729d2a6a19b85b62c3e5abce6b1105826bef9486415,CHAIN
1759229973,3511354,5040b70211fd6786796a3080d8f8b75247101921203a17cabb1feeff1b00f641,CHAIN
1759229946,3511353,59950c223faaa490f05d7660d8315921fd02144a1c5c4cd14f21ba58063bba59,CHAIN
1759229470,3511345,d1bc6ff8f77c4b7a1c80d6f8405af7531a37f1ecacf8c979cfa6e2a540b5648d,CHAIN
1759229086,3511341,c051122437ae0974eb340ef5b2aac7bac4935bc0b4a2b4b32e8f644cd093c195,CHAIN
1759228802,3511337,fe01d6869bdcb7aab12717596ff808e15ee8da715cfba2669577725d14fe40b5,CHAIN
1759228122,3511331,8cae59f4c3f1c591a8ff98e0e704cd9231ac07cd85fd1f0a9b079be00f180d8f,CHAIN
1759227844,3511329,12309a71d2cba734c4f6d35d46a66d50262968f96836c0a6d743c0dd56b3d4c2,CHAIN
1758693580,3506847,8d0f2edcb60f54befa0927899aaccab8918832a5dc1d420778c0d6a7a50ead3b,CHAIN
1758693292,3506845,f6a501fa0bf7c0031ed6991168669a7a8ac2dc3e3543009948a6733cefe0a15d,CHAIN
1758691956,3506833,9e3e6f56636dba6a8dc99c74a4508e0f2473f29fa61011dd0447574f064f5883,CHAIN
1758691641,3506829,88ec980600c113b828c5a3d76e4af91983f5ad3755c2385f2858556bbd26f465,CHAIN
1758691467,3506828,529a65898a8b94d9cab00b30f061eda139113ab973d0e76ab0ba0aecc184da02,CHAIN
1758689898,3506818,7ed2e77f63367eccdf58a72ad64f0326f93ea43e770537dcd17b1ca63b5bf3d0,CHAIN
1758688287,3506808,eabd5480e826094572e07d5beeebee3a863518ba453315788690174b56b0ac6d,CHAIN
1758688121,3506806,8489260add004abff82e22937ada935ed67361a133e073af7b6b891e29bad02b,CHAIN
1758686848,3506797,3a4b727fa06b0be4bcb8f4327f646979b7417058282d7f26644e4e1d890d5bdc,CHAIN
1758686572,3506795,93f26bf5f2607ca7cb8fd33b13378d40b0d3eac8bd0de48bda9609125124017a,CHAIN
1758685194,3506786,999a100f42a0f98e8a1b23bc4b1708312bf15354489b4746ae3f79c32ef05c9b,CHAIN
1758685030,3506785,0de7bfa87a1368f42ea1ef9b80e7b4a6d21a35016ca8b95fd0713f4cbc1cebb2,CHAIN
1758685004,3506784,e9f9b11cef44ea9f9e2dd9e3469e482bc09ab93a9aa411f3b2b7c3529f0641c2,CHAIN
1758683727,3506779,450ede173e38224d8b3e92f88e484d323b4e2ccd989203f14724010aa4a6af3e,CHAIN
1758683508,3506776,3a68e3369e9a680b29550a9a68d2f1fecfabe88813d02c060d0c9cc5de8b215f,CHAIN
1758683420,3506775,1c44524605cd79d01a09c7637a183032cc55de719ae8fc2d769f23056da25cf2,CHAIN
1758683381,3506774,321726b7af9a122cfd4f11d48e5d4fd6055181c6f31db58ef9e3e007838870c0,CHAIN
1758682040,3506763,d4d645840ae7a74917b47907441bd320fce304f776c8c48b13c2e1aa678e8fe1,CHAIN
1758680191,3506747,84bce01b4b6da9ceca99e572d7c8e60254ce60a7d01854978e978a4440a70954,CHAIN
1758680021,3506746,c88c8d2a79103e5b7109c031799d95db1bba756148f2e0c211eafc607ef83e0c,CHAIN
1758678644,3506739,6dcca1b85813a55499a7873f4e23a4cdcd4cbf4faf8b7b9e008a24ee8faa2a04,CHAIN
1758678617,3506738,734fee1f045d83d8026fe3a202f0c4a4908d51dd5feb8a75b169a70ebd088a4b,CHAIN
1758678454,3506736,eabf1f3cea0e874587205a71c5bf3a1f75b5622229644e0f1a311e4aae176b41,CHAIN
1758678382,3506735,c31efe4ffad0181a4a839186c1a3f487bf1a4a4c6c458cfb8c744f77c849067e,CHAIN
1758675452,3506726,41875700a3876b29159b220aed6d22ad6f1e2d6940f58915c7fd26d4ceb81cb3,CHAIN
1758675188,3506725,277c4f566c4c1f68f53d4897fbe2355a9b28139fa1ba664652edca16e5c05395,CHAIN
1758675186,3506724,693fc648671aa6e668c74a003c288e3f12ce98551296a34aaae80237833e5252,CHAIN
1758674963,3506721,c25d69619fadf8c762357e2ced86c179f0244c219253819f568d44047bb2fd67,CHAIN
1758674857,3506720,0822cb4eb720a047c5a7cf8ef39e4013d0e4a80e8633e84c71a38c65e96592c0,CHAIN
1758673320,3506710,fbdc39376b6f3100146b14465aa14a958a11f272ba24fd799c43082de0aed9a7,CHAIN
1758672159,3506707,abf652e588e5383d2feab0559c3c17e66111d56fd135838a75a524111b680bb9,CHAIN
1758672155,3506706,e1bf1af6f308f69a28f398a454c71c8f26b010365ac929909e9b458554a852b9,CHAIN
1758672109,3506705,1cb688117f3bc4e5ed7a98ac0825534d1ae72e90741ec0ee21408758250d70db,CHAIN
1758672082,3506704,864f4c8c9f15fc645e998362957c1e42af445e71d7858596fffb86a59921cfcd,CHAIN
1758669875,3506690,639c041b8216c981d16206d5b3572e923efe3e60a3c023a93d8498c9636e27f9,CHAIN
1758668650,3506679,034296c938b0f230e8999e0f82f6248a160591eec36fe6db4a74bf11efad2bcb,CHAIN
1758668489,3506677,ed2ce4b045807a7e0162984cbacb972dca9285e5341fbffcb6233450bb7300a6,CHAIN
1758668436,3506676,e549970cc4cf8866875482b3030029031932d76271e0e7027f3fd62ad5459a96,CHAIN
1758668211,3506674,7152965c12d3d604a0f9159592d23ebb49efa28d1f06a322e0137744f5c5c0eb,CHAIN
1758666378,3506660,5ceeded1272aa3d547db88a1f843f4cd05a0638448147f1ff06874d15d674917,CHAIN
1758664791,3506651,65b637134610793ec61e9f6f822f724548d47dbbc83e0d88e28d3a220eab07e0,CHAIN
1758664649,3506650,fe9abaa77ed0dadfdc94e9b10182610f301e126745aee83c13bc3d5b52a6caa2,CHAIN
1758661463,3506626,f87f36c5d48f539ec482bb2c0590ebb42b2c4915b11feaf0630247dd831b8bcd,CHAIN
1758659865,3506614,956b881b6185ed96cc614d39461264f5719e7dccc568827b1db7d6c447e2f790,CHAIN
1758656467,3506596,c3053bb71e14c9a5d40afbae84bea54f0eb491a5c82212465753b7c2c11a9a01,CHAIN
1758655098,3506587,45aea377cbcb395cedf872d67b5fa6ed060c84ecda86e9a1bf15d5281be4a3a5,CHAIN
1758654646,3506585,a25dfef8b5ef47bf933a870b1397055187bdd5d78c9fc275642a4e13d7ebc712,CHAIN
1758653639,3506578,f7bba43f49e63ffa994fdd6b18d5048bf9aa09e16637b529433fcde0b27fee23,CHAIN
1758653544,3506577,aac34c1f99777f934deb3063b4726ba4030b50c252de7cc441117df0655a779f,CHAIN
1758653416,3506575,393c4c6880811a11c3fec9ea44c26a3d4674b243a27c05f2c453eef0a2115e34,CHAIN
1758653095,3506574,4787566e94e6b769255efd684a9c285280d5bd49d40bcfcdc5c9d81700bd8496,CHAIN
1758652923,3506570,1a5bde870dbe851c42d5c80c7f534e514a89b56bf2f860a1b8dd28e086059980,CHAIN
1758651999,3506564,b695ca769a0b48fcbcdcb588c631e9ec75aedc31ad58de2c95677af7c182eeaa,CHAIN
1758651837,3506562,2019553a9ea2b98a9af18f5702f15bbee48e616b3a374a745419bc53417eca38,CHAIN
1758651361,3506557,7dac31419556b3f704989f5dda8376dc60d36de2d97af2fbca48fa55aaa1ee2b,CHAIN
1758649702,3506546,af993c543156991ac9614f14af294787afeb676a51db3d86742e2d3d3f934541,CHAIN
1758648119,3506529,e38c2fcc3938574e6d9359d42965c4cf1db9182773163220e4effc18edad7007,CHAIN
1758646647,3506519,abf11f828f4b856ea93d8d1eb89d1ca158b0c238deb2c11b2cf43d41c82151ff,CHAIN
1758646570,3506518,d53fb7e9dedc6c7ce1b99f17e151c4c62b2b224ca14e694522b0c96f0b54ac1b,CHAIN
1758646381,3506515,63222c00a7cb83f8326609919912fdaf49d87ab7bbca9de29d9793ea678599eb,CHAIN
1758645217,3506506,7dbbb12c62abc9d19dc670ea0deb9293f6f5aff0813d1ae3bff920e709c2ab71,CHAIN
1758644754,3506502,55fc34bbfd11df56c92fc128e470065168114e0c0f34c0aa0fe696e68b114e2f,CHAIN
1758643007,3506488,6493293017aa86ffdbd1776ec9b7f93766c8eda6fb37951edd542473773155c1,CHAIN
1758641948,3506481,e536d5696cf1df68751634d4061d17f1cf415b3ada20a88f073ce4c5edbe9d73,CHAIN
1758641496,3506475,8866f9987cfc5631424b244eef5ef21cea01803a2930f0035f35c40dfbb99a12,CHAIN
1758638770,3506452,5a34741b22b2deb828455251d5764553398da6f4bcf1d668a9d3ce838c1cb0bb,CHAIN
1758638740,3506451,ddca2705844c98b3f6f8f24f8f746ebc7694e4f584fda39c3366906d9f564f83,CHAIN
1758638696,3506450,4f05f59ee9abb55d7acd8ae2cac404f8be80895d3a922437bf6669730556bc61,CHAIN
1758638691,3506449,d9c964b110646dd72fa904b272cf3b6f24207621f5b74f748667fdfa312c8a97,CHAIN
1758638529,3506447,a399c83afaa7cb0f1fea351fdafe1cc4f2aa38ac74fd0400b41635d9878288ef,CHAIN
1758638405,3506445,d5057dbc80297017f38d1f2aedda85255506a29d56cec1a093f83616a892ca4f,CHAIN
1758636965,3506430,6fc503d347644c93f6ae396ab9bdd71da0444301d63749fbbf6e7ead087bc656,CHAIN
1758636954,3506429,d1d5ab37f624a9d20fca416bc99b0a5407d8126f22e357b9b88e765931ad283a,CHAIN
1758635404,3506409,952ad9b9ed77ab8f5c7f4e64776fc5f8b8cddd03ec75d1c1f458efb65fd4f170,CHAIN
1758635400,3506408,08e1c24cf62b42018cf36cf97f1c606a1a45839cccb2b414f8f8cc315b601950,CHAIN
1758635398,3506407,72b31c079979840f6be044d04d1cea88d0d925d2b939dcd5112be00618dfbdd2,CHAIN
1758635204,3506404,d1d0803d0d03167bb737fb2a1280f7ade0abda3a74a3b529988465cd0eed2a98,CHAIN
1758634953,3506402,66b48489474c38391c12d21708776c2eecc439dd43a1e4a8ad9a87a0a3f99e12,CHAIN
1758633352,3506386,35836e15b65624dcd15002b3c4f84d1467e248c9bdb52c1f8ccd9c4e90759663,CHAIN
1758631868,3506379,b52956ca534c62d4d121fe4ff275c06387d478b4b7e6380e4f906249f5e8ff46,CHAIN
1758631548,3506375,bc24dca6e1209e1fc8e77730d2a3dcf80fec2994a4b90a36095b64600fc3a735,CHAIN
1758631541,3506374,a3268088c5d37a2860589e90728a348954b43f77f56ab25dc203aec01ae78e62,CHAIN
1758630262,3506368,140f5f382e1ea20ae319958316f97371b2c686c26ef210fc27fa95ffe20a8042,CHAIN
1758629988,3506366,0bc604b226dfe490aa0a05024b887e82a27351ddf0fa062525b7cccd8b32f0f3,CHAIN
1758629937,3506365,2266afb8bd0642058ead0a4e2fa48569c285e1c224a26abd2de26dffe08e2661,CHAIN
1758629915,3506364,7842b6b054ae8fa55c4769194f92443b9124f84269a28c9f8225a5c4928d6426,CHAIN
1758629021,3506360,b7fffa5c534c219c545802fed5d9c476a57d388f02ea7360987b06e3a06d1224,CHAIN
1758628954,3506359,79db6201278cf751f243037eeecde83b01d79e5f236ec45444241d0147eea8c4,CHAIN
1758628873,3506358,ede293513d40553f1187cadd1cdbe55987d417afc2d975f294dd0fe5bb5b4bbd,CHAIN
1758628367,3506354,aa99e4afb8dee4a7facf2f8acb3723ef693d9df1a969e0d50c9d04c91e2cf0b0,CHAIN
1758628252,3506353,bec4a2ec7eef63dda633f982af1b517fbb385c7ee0496a70e51e2ef871f3ea55,CHAIN
1758627791,3506349,506f43ad77e08f627622e8d1b4d2bd1e541d991cea6e5158ec36edc4822340ee,CHAIN
1758627318,3506347,839e6b64d3a5fe4810c65cb15a82f554eb5136391c92ec5e65dae0a590a31ae2,CHAIN
1758627206,3506345,0ea6a75dd154010970f8a9383501b180ea202e22bdcaaf52d00ae631cb9873bc,CHAIN
1758626892,3506344,dad94f71e8ebc2d7ea7237db00cdcf0e80174f70e4fcb5246c219e9047549930,CHAIN
1758626105,3506337,286c85f2e2ceff38456c20f50e40c990b1a0036722260062d7ac48387d3e547c,CHAIN
1758625681,3506331,d05c0542b74c9643dbcb04fee87aee385a5d10ecaee803efe176807b2f898799,CHAIN
1758625604,3506329,bfb3b1be2227a2ab88692d7a78699bb00e194b350501460db2d848b0daf99e52,CHAIN
1758625219,3506325,719fdaec4cd31ddfaeed594467aa5451bd4ecd42510f1c28315e896cad85eef3,CHAIN
1758624284,3506323,d51958842f8e06836dcfa20ac3bec70403f2de23f6e98ec9fb70002a4829e71a,CHAIN
1758623724,3506317,8dfc99e4c7ff0928cb914108bfbe3b9c86fea9076280cff12d18b654a299b08c,CHAIN
1758120780,3502133,84858f228bdaaa40165fc3371804ff5f720c30840c26daee816d015b421cc7d7,CHAIN
1758120772,3502132,205cc2befaf4cf1507a5f2ce411617df034287ecc2a727e971d48781d0a25576,CHAIN
1758120092,3502125,7e1e345756443a884073cb29cdb14c7cbfa2fad053679e9592588cee5ce8faa0,CHAIN
1758118341,3502108,1b9017a036172f94cbe96425a1b70187dd4a148ac39f082c0f8ae85229f402a1,CHAIN
1758117906,3502107,d038fb5da0aca7194a1859de561d92788aba1c0c5f7de4f5ceeb9dc15cdcfaac,CHAIN
1758116715,3502091,e15c1bdaab2fdcc4b78c737db52c87257b9c6ab558fcfc564013d095027369c1,CHAIN
1758114483,3502070,42acbcbc79e3b30fe7c543398beaad9a873f40765a5520a107931b80bc9146ec,CHAIN
1758114258,3502067,e3a90a4190d141eee386e915bcba9b133e03c4bc561ba9aafea064b9cf37f573,CHAIN
1758114242,3502066,301ca53cb830a4ae20a8d3ee32521d5e8a14f9d01d976cb2815bdcda5521b1d9,CHAIN
1758112482,3502050,528f6cd3d1c740513b440de6360b67f0ba94e44d571d4c0a2422b9b6ca533405,CHAIN
1758112067,3502046,204eeff5778b7d5ea7d0cbb51afd5e54358d8596ad4a08898be4ebcdccf17e55,CHAIN
1758111847,3502045,5f92190524daa3053404284fededf9eb18d39f34c9bb7d591882654b8009f087,CHAIN
1758111487,3502043,6da32fcfcc982e723bee5d8b798ea85057961d267cc40c495a33065e38e57abb,CHAIN
1758111248,3502039,a46d8c6873bbb032b585de63b57c7b467b5ac4821e063c795382805113658859,CHAIN
1758110430,3502029,906e4bf42d5475da163985c67ac83a0d00c9e642b836606232d58f6c4366028b,CHAIN
1758110410,3502028,528daf39da876e019a3ec951224ec4863ee26413e7afa0f2376af0a46fd9f114,CHAIN
1758110213,3502026,0f226b1103b2470b4fdb9c1d298c3d8222aaf24fbe80c95a1f5187ab2a0e090a,CHAIN
1758108253,3502009,2fac1c7ebcfdf8f58ffcc602570cc4099bb0c6f45d3e5c60f81bde5492e65891,CHAIN
1758108179,3502008,62fd41c735d5fb3083d0b2b1747cf2f4f28e75caf7421c9a1abd2191c32c947e,CHAIN
1758107581,3502000,fc0180dc53d526e5e751253bc400970314c13484941d6db2fc1cf140fa6b9c26,CHAIN
1758107482,3501998,42405def38f6b3623257449936f5d1d0a7d73d7c25965426b24b101abc4db7bd,CHAIN
1758107151,3501996,21d9ec02c901a53e62f754dca003585df5efe38c387f66447bb3e3414fc82d9c,ORPHAN
1758104973,3501982,3b6e1536390112b4b506d0f539145782a6f04181da0b976e58cf5982070f7788,CHAIN
1758104672,3501979,b4cb793e65c3709f723ffceb6dd04a34bf4d7e93101e166bfeac9cb081c51dca,CHAIN
1758103282,3501969,f6e12871470a9d6009938aa94daa2f487a2d2fa3e2d5d907b754da616338bbac,CHAIN
1758102915,3501966,b3c54542b658b9c43b19ab8561614103edbf42edff4bfdef576bb522196df7cd,CHAIN
1758102673,3501962,8cd3761bcb02b0240e7ba697d5a31b3e12c239bb51437dcc0a95bafcdf9ccee5,CHAIN
1758102350,3501957,220c38080b6224f9864c9c99936bc3a8e92a55a4a454750c2919295253406277,CHAIN
1758102281,3501956,e0841de40df3cc4d8190f1354297f843bdf8e18b0baef46d6253847c0de00149,CHAIN
1758102250,3501955,61633c76cfa7ebe78942f1467a9f18e07969ecb77bf965fc52bd74440619ce46,CHAIN
1758102236,3501954,d68d3022eff079ad9bd21532951198178bec43080389eef902b04a94d4deaf31,CHAIN
1758100768,3501948,84a917c65a0de7c4f4ee2afc9a3b0395747f5c1e9ae860f79e54a755e1fcfae4,CHAIN
1758100673,3501945,7d2e050dd71ade14ca82643df127a1a54bfefbca1b6379d8d74bc475254de95a,CHAIN
1758100501,3501944,c4cd50889654a205ae0515d66d904834d74e785dd3bbb28a03a3c15fbd9da577,CHAIN
1758100385,3501943,f6127d08550388f35e0cf18088dbed437d64ea82fbfc218726182929de398cb3,CHAIN
1758100260,3501941,2122aec51dcf7881dc8501d66ba8aa34569356626e2b601ad905be46bfbdda74,CHAIN
1758100218,3501940,28c96ccabee32ed58f5d34d83ebf387e255eb77abf36a535db62a3f9a0ead8c5,CHAIN
1758099885,3501936,399426a77a8be679a94ab26fa5d6b25990a430856472c44bf4d2fd93d6b7e2df,CHAIN
1758099642,3501933,99f4f1272588de50bab95b4cc273a2bae678c46fa5733bd8a169fca5581d1dbf,CHAIN
1758097768,3501917,e7f165f79fb4b996e1d7c2b8643082e1d40ac8280e9e7038910696520ba91be2,CHAIN
1758097709,3501916,aae679f54b4b0f9a96efc2dd094ab8a9d02b9235bf65cbe2870ca6f5bb180f93,CHAIN
1758097506,3501913,4867af63b52d295c9f367bb15bf3cab06aec0f73ae3bcaa8ef235761e5a70445,CHAIN
1758095779,3501897,c5c9325c61920f5e4874cb369754c47b62f121a2c15efafd24b5d2836101e261,CHAIN
1758094859,3501890,43ec5cfdaa8fac1186e1fb043f0bfbac99010936d17478f59ca34878fc7043eb,CHAIN
1758092699,3501872,e4cc87eb5f29026d6108de84110a1e851949200ac523a66c45ae1e8b8efc2a41,CHAIN
1758092055,3501867,1a39c659efb0671445a963ed135dcf32d59be1e8a9d13f3cdc39bc3b94cce5c7,CHAIN
1758090744,3501858,a0a8041142e68411c70b70a131cefcf89450b981fc4ccf38bc5adc89c5eeb179,CHAIN
1758090656,3501856,d25624dbda4ec2143ff897eb8bfdf8e5c84ad3c368cd1716a0f96a3b65bd82ae,CHAIN
1758090577,3501854,a1743f0908b5e4d91013b996386f8d05b80ee70f3133466c862e93a551bd781a,CHAIN
1758090049,3501851,9c75a41510444bd3950b541dab73dd302be62099880dda30e4ca762b6a63454f,CHAIN
1758089815,3501847,b045889b237dbb83fc8eacdfdf0b9454a8b8de3ac8d5895185c66da590924ebe,CHAIN
1758087963,3501837,2a0d3a664838a89edd5585f8370226025f8d2b9b5723c75cd37519967772a040,CHAIN
1758086963,3501829,0d0dd919a2d66e62003db32763240f1f28830821fcba9a08020ec7275df9cc99,CHAIN
1758085314,3501817,d2117c81148ffadadfcebe4babb6eab190dfabf17f06873082d86b3041789286,CHAIN
1758084920,3501812,237c0697d987c979fe43a380f099a43cf20d9d0f6452b77ec1898ca4a599f6d5,CHAIN
1758084758,3501810,561d3d55e657a1c59bfd76290d6c4afb40caf635d0d00b83405ef1dd398ab052,CHAIN
1758084421,3501806,9ecf93d82571a82469bbf1019a87f9375e4283a5eb40b95259067ccdec812212,CHAIN
1758082439,3501798,04e396786f0e55dbf537859aa245f615c577962517150749133437e245c00ecf,CHAIN
1758082251,3501795,1ddc0dcd0670f6122631628d4377089bb65516eadb40a6ea4153bfc0153994d5,CHAIN
1758082224,3501794,7fd10c95dc04db536b5411d7104f0d2ae52c1906d169f3d10a7fe9ab0fd3300d,CHAIN
1758082074,3501793,e6b5b7d4a9b69f0af21f9d4f4d0a181e22e5b747c846205bd6b552d9b51aa4d9,CHAIN
1758081981,3501792,dc126a430ba417fb5bb9a222ea489bf8c7232dab88bdc532b22cf1dd8e99185c,CHAIN
1758081506,3501788,f76dd4f872d322c9107dfcc5c42248418dd84b4bcb580a3d7ceaa76e8686cbc0,CHAIN
1758079174,3501777,7c829e3d041e2ab25bafdaea0ed1c7469e41393b5c64665766b46bfe3ddc0278,CHAIN
1758079088,3501776,1b90f149314b823fbbb30b53c5bcd03460861ffacd1e5aad5bcbed2287d323ab,CHAIN
1758079008,3501775,f42bec9c24b0ebd3f15c75a80f319a79074da7f8ae0a3e55c98691d7c42dcb17,CHAIN
1758077320,3501762,af0bd0adcd28d140bf8927a9f674aa3ee07003295d30868eb7895bbb28a9bb85,CHAIN
1758076778,3501757,fd01c5a41e1b073bcad588801c79ca907fa55beb64f531cad7e1f50d4989a8ed,CHAIN
1758074620,3501749,e7bd9ad9ffde0e9d4a2506072f039744b63f517466227284e4d6965474c78834,CHAIN
1758073922,3501746,69be775164e5b783d8cad5f574cd359d0406607dd323802e1dcec5509ff6b255,CHAIN
1758072193,3501732,4a4301280f09487c1c97c6d21f4b397d8b4c0e8ae6662e311d7b3b8fcad37485,CHAIN
1758071993,3501730,be44cbac12583948e41d71e93e6c9fc19db63bdfdc5d078a229a472b2ffe237e,CHAIN
1758071988,3501729,074856b4b14ceed63ebec7a5b5af80bd2a6ffca81c11cf5d2f2ebd0620a3e314,CHAIN
1758071678,3501727,4cd338043c79a5ef960347f147ba6a6b68de9fe5de569de8cab81040df9c806b,CHAIN
1758071675,3501726,9910c7d9d9ad7150a3bfeb4feb613a52cdd59f0d0df97f4c7573e21a7217777f,CHAIN
1758071268,3501724,1b182f6db23337f81aaa083a5597562a88ecc477166627a4ce69be26f9a64931,CHAIN
1758069076,3501708,7b2ffde36251f256e48f5afc5712d97022120473398af85607262e8ae68f7648,ORPHAN
1758068649,3501705,e2ed8299812d9611c935e7a24e089c335b4991e329d7a3e6a2830f9b69de86e5,CHAIN
1758068561,3501703,492bbb89a409c1a92119a9aa5a24ecd73fe9135f8aa1491431c3ab0d59d26903,CHAIN
1758067144,3501696,4fd4d4b636218e4cd1262b2b479c18160db0cdd1d7cc29b86d880dd32e9b9559,CHAIN
1758066712,3501692,abfbeb230cdd6c5fb3499918928bb8f195a31decce4f3b6f9a71115342c874e2,CHAIN
1758066018,3501686,e98e5a5527062a2b7a9502689fc239090cfc067afaaacec5bfcd9e0b86468535,CHAIN
1758065988,3501685,e6580e56dd023602ff09cf6c0cba7ce5710e530a2c0556d712803836fbf41160,CHAIN
1758064011,3501674,602a57a7ad2de8352073005752292f113ece2a5f013e2de09f36cc406b56e740,CHAIN
1758063960,3501673,d329603cc3952fe664ce3766acde612fef47f8ad1294714367ab456efdc9b58f,CHAIN
1758063657,3501670,1538254702cb4fda306e42d7d0930b3bbd7f6c33e98ab3dc0dd71b53e56466fd,CHAIN
1758063523,3501669,2c7bde78ac412ddf352648b080204b2ddda7c3f3081b57318327a4e440d1b088,CHAIN
1758061897,3501656,a951b1632ac908644bcd634dfe6772538ddf389864a41fada2d8412cc9a62199,CHAIN
1758061757,3501654,98624b2a2b26c5a26c8ea5ab700ab23796fd1e9660ab6afb8f0691514e602796,CHAIN
1758061729,3501653,15b322dc9a884203fff3aefeb0f1df3aa40eca2fb10cf550498404e967366e35,CHAIN
1758061702,3501651,6081090ea3ef87c378b1c81ce5fb6f3f1a9077358aade31d7ba10d0c037bb22e,CHAIN
1758061625,3501649,db7b298a6c8f3e4ea177464cb9761592eeb67cfce69d3bb5e6241e71aa5cb93c,CHAIN
1758061073,3501647,78423a8fb7b0983e9402a6b5c976c68c102ae415fb9b067024a7ab984b7d1b96,CHAIN
1758061008,3501645,b8673986df0c3acc3266543d4f19a650264c29e7811b9915a92cd856fcd86e94,CHAIN
1758060854,3501643,387e7943c7b26908025f3564e7c72d6e7d819bb8c26b71789088163206f3183d,CHAIN
1758059335,3501634,f7829d776806c2f7cd00f8a3e9101bffdf52731c3eefd2fe873ad93c74cd0fc4,CHAIN
1758059234,3501632,a12722d548659f22ff74f9b793475298b12dcb8d9fc438f0a54382a69cd5bab3,CHAIN
1758059147,3501630,10a8dfcd479186139f7ba6264243dda564ed7d2c28e612caa4725d99a0eb05b4,CHAIN
1758058514,3501628,5a396b20da32aa9313ad62156ed4f6bedaa8dc28f7ca08630400546863bff6c4,CHAIN
1758056842,3501619,acc513b346e2b758bc32777dd9d778002f4deaa9078528f2c321450e4b117217,CHAIN
1758056766,3501617,537d79933f1e8f557d9a514cd451e73427ee965f7196d5b7fbb11a8655e1eb38,CHAIN
1758056739,3501616,ddae13b7228cd7e427addea4ca5248ba8b54d6110f10df133838ed869b4ff764,CHAIN
1758055933,3501613,85a910f1f3be259843723bde57ac38264764e0d049e082c07427934199d95785,CHAIN
1758055923,3501612,23f1f036570f7ef2ac4a0e048fa3aafbf2077be69af6f24c3b58d9baafbc385b,CHAIN
1758053859,3501599,f75326270d9216c10d62d19b9bc69c0f454abf4f8f730a9284759d0d6f20a314,CHAIN
1758053710,3501598,aae4e7beed95bb6ca4a95d2d3aeb571eb7f51a8c354d2a5427b871ccac353281,CHAIN
1758053657,3501595,e727848abae057f39118a21a0fa5d61bacdccfba54bdc69b1e4fb6192686094e,CHAIN
1758051816,3501583,341d11441fdba55d79c2d0bbb47e1c05f25eaffb6fd605db3412c7634b2214d0,CHAIN
1758051671,3501581,c9c159746718dfe34687d92aa26aa5b75b5521b6c125b2236e27cecfc17e0604,CHAIN
1758051555,3501580,12f664fd7823b7251fa420ee08f535b535ab49c9d52c52424c7177a372fedb60,CHAIN
1758051476,3501579,a607717dcc324ff10495d6b8122902fb37186fca72e9ee0ed8eafcac0c2421d4,CHAIN
1758051146,3501573,487aff69360ad4f78c5be4e9e61e4a5c5713123793e9096c3f772aab07cc6990,CHAIN
1758049558,3501560,653cb630457111278e70c7288860bfb4cac6c8bc9bcbda666d3688024030eca3,CHAIN
1758049528,3501559,c7e20776838c83dbd28ff77253501a51f504d82de8f3ebeff3571eea64ebe2c4,CHAIN
1758049213,3501554,82eca544fae3fed41089622b09bfff356db1e919eb5418d7b985446b90cf8656,CHAIN
1758048803,3501552,dfaab187cbbe84eedbb7cdfb29e1ea8d531399a2fb68da902898bbe0288950ed,CHAIN
1758048794,3501551,f27ef2806ad14fe0573d7e7a571c18f5af8deeb8db699c8427649281166009eb,CHAIN
1758048481,3501548,49164c386059f6422c9fa242f62674da1021b99f6e99e2d1679ad42be44180bc,CHAIN
1758047104,3501537,a4e5f666236ae641625b48c3f3dfd8300991edf73968e6902df14b81c3c7ed53,CHAIN
1758046892,3501534,3088ade11178bc1c4632a8967af60d621201e7b425712b7068b12e7d999efa11,CHAIN
1758046562,3501529,e003f1b8543c11802cdb56c883b85fa485fc7feef8825fbbee28cfd8ca9e463e,CHAIN
1758046476,3501527,a504fba9d6e5933e1622aa9e78e343d2c6f42fa304fec76cff85cb7292c05e3a,CHAIN
1758046464,3501526,afeb4fc0e194178cb93e82b451c7f6d134e5f5dcb2700998c1e4f755f6d7fd44,CHAIN
1758046405,3501525,ad5bd1a423de23e746ede1c813e94bb39d55a97ad7162472789db68e83f2b03d,CHAIN
1758046196,3501523,ccfb409d2c57859de061b8283e6ca00199ea7e898abb70d9bf01aac27e764e8c,CHAIN
1758046166,3501522,160f660941cb6743c9984cd670de8d0c8ab0e21ee997f480673bd67e65c7a113,CHAIN
1758044557,3501509,6e10a61688c8a710c7161af518c58f7b248051b23e4da9acc05b2dd5ba0d0887,CHAIN
1758044346,3501507,d15417837c2ae9f909e667e553adbc599eb9e8ae04dea98d8b0d7e6cc4a6d480,CHAIN
1758043971,3501503,584c517cc29c34eefcb4bfec84f6c866b9593e3fff582889786bd7fe30cb7d63,CHAIN
1758043866,3501502,6491f9120f0544264ee21088934169d97b30cd3ddb1e4c150847cfc8774d8d41,CHAIN
1758042188,3501488,de36bc19c99c111e1c8f8644c99ed286ed76acbc4c0cbc643ad3c7905dbe1bc8,CHAIN
1758041272,3501486,ee142e6966f0ee5bb9db53e3882b4860eb9e96d9e03503b0fbaf8a76a5ca7948,CHAIN
1758041239,3501485,59e8a6eca2bfa69c7eab5bcf9ccf1f7d5edb37fc05292456e909d29074936022,CHAIN
1758041139,3501483,2c91dbfcb990bd8ac6b8dc4f37fbc5caec8e5ccf8b0ba8d7f7470904ac9f5260,CHAIN
1758039689,3501471,f55a161cc25c70695367c2911596e8a1867d9f535eca8f93aaafe8e6da1b23d2,CHAIN
1758039661,3501470,2c938bc47826bdcca5c30b83024d89328de7cb9a6910766283459cf8e993d651,CHAIN
1758038611,3501461,3a01dcc62406180abc671e390742f8f45da81ab61f9e54f38ccfc5441f0f4a40,CHAIN
1758036962,3501452,c0e511ea27d9e9862c540630241ed6a154d7632537ee7ef25db8633ffa02d866,CHAIN
1758034452,3501423,f1ba39185290ecd9556f0115b64be217870f018190c50900fbf60a048279ddf9,CHAIN
1758034365,3501421,704d1c3cf9888d37e3a6a9761b06a6364b27af51e72ef5ee78616d0393d0c628,CHAIN
1758034175,3501419,8225b0555ffac160273d9baf1b92c474ad444c5f4ea4104a918b753aa524d631,CHAIN
1758033535,3501414,a4a8cad5968d37b0349e92a21d52c55143fe97a46de798cc9886c17b668b6058,CHAIN
1758032051,3501407,134bfcedf9ef900c56a459af1a392dd385885d33508c4438469071d464614f5a,CHAIN
1758031743,3501405,8d0c9bfa3ff2d0764933da2632304cb150225f1f06e93a0acbccc2e0ab93cd06,CHAIN
1758031467,3501402,9c923198b8beca111b80069f57c81da4add6f28a58c528e62129c0e6dfd7ee12,CHAIN
1758029032,3501383,fadf6703cfbbb33f83880976d464d9a024341a5937e96ec442e3e418d4d11a12,CHAIN
1758026868,3501369,3c9670ce86379a4891944abababb15ba609f7bbd525901adc3e358abdcf6bd77,CHAIN
1758026296,3501364,4a30cd1a5a9744e656a56e3ba46b858da5790331b4e5db35a476d71576e40f69,CHAIN
1758025972,3501362,fa1a5d22257341f4ab6c8a4e0b03229b942b6abcba9fac09cbcdce720193bbbb,CHAIN
1758024354,3501353,afe30f5b92fdb5f812b27f17503d66c0e80b3c757053e8eeddc85395ad66bd88,CHAIN
1758024285,3501352,26c013080793a0080124e000955198b1a4c41a05e743e36cb1c9244c2aa4147d,CHAIN
1758024077,3501347,8c9f30dc03ac05d9e6c3fd8ddfc61347e219aed7729b0238379f038f718be3d6,CHAIN
1758023376,3501345,3281980e1a0f827d2af655e456edbd1d956fdc3822e1f599e50d24b1020e112b,CHAIN
1758023279,3501344,56e6c63d71ce9ebac42f7d462a8e523c8e0377368480cd414f94229c9bbcf0f9,CHAIN
1758023209,3501343,a8c88748d147f8001510052688ae1e7e455c8d162c64f31707f70313e24a9137,CHAIN
1758023165,3501342,f2e48aca4e47f464349f2d2acdf1afe62be7f386afc130cacc55cda03e23de67,CHAIN
1758022553,3501337,bd6105a45095db8251bf41bd6e36704ca495874caf35278ff922c68f1e34e929,CHAIN
1758022551,3501336,aaa4f9656f394c3c40582ac7831d756bb032dfd3d1ac5e5ca974939e76939e8f,CHAIN
1758022255,3501334,c5db7d85e7f78a6460fbb984804943d69b52c66eced564b688441b42450161b6,CHAIN
1758022054,3501332,96065263d615ef57c5a5caead2b29a726f3526c344a425003adb9a22978d14ef,CHAIN
1758020943,3501328,cedd949ace34890af65ca017e88e9109b11695d55d54929509d67319b9af4a1c,CHAIN
1758020306,3501324,a5a4de22571300969cacdb5fbbfa69611ee48e695c2a6807e729979b79d2f33e,CHAIN
1758019689,3501318,0ec2ed3af67824872bc9b4d8817ddd096745bb8822e98362537d514f108a8254,CHAIN
1758019150,3501317,5ec1e97aa9e4a52a5f9d204a34c79202bd5acc06af7b29b250b9e1e5c26209d7,CHAIN
1758018657,3501313,9e958e07bd6ae711ee7cdcaafdf72d35e1da310affdf793c8ba578ea9cc617a5,CHAIN
1758017935,3501312,a2fa26515ca8ad6bcd4934d7a1bb85e18870cf55f8a00956a3ff80610fc99f17,CHAIN
1758017678,3501311,c8dfe487c0b16662cd70404769b9d28c443395e9f03b3321d3de4539ee1fef41,CHAIN
1758016865,3501307,f0c93f93af7fda5f594cfb3fb76b0276542e51bd5f2c97279c9b7b0b0db747f0,CHAIN
1758016421,3501305,46fa02f4d284123962e168b539a43240c5b143cfc2687d4dfc38cc13fbb9b35c,CHAIN
1758015878,3501300,27e8a81e4b0fa3ac5bd58acffe1a25595e3b85f001f6f46564340bfbce11acb8,CHAIN
1758015171,3501295,532b01a6ee1edadbcb2fdf4605bef3297a4d291003eb643d36e552efcad713cd,CHAIN
1758014901,3501294,bdfbb5deb99a38d31d60ad1f2e0ce9d0b4b1a71eb00273a038dff39f73b83844,CHAIN
1758014706,3501290,a72b50724dd23100fc7ec24b8c18997500fdbd3045fb856644bf44d70a223f91,CHAIN
1758014633,3501287,15ea8c952775a3884e4c1e8904412dcd3b8aa6f77be35ffef91959af36da2127,CHAIN
1758014396,3501286,a8ccf287407128b060c38105d67e280c15ac86170f280c8dd96f0e6d615e410f,CHAIN
1758014369,3501285,216a840c57a61f68dcdea8d8a675b9408e442f1f9775bd285337d10c349a2f57,CHAIN
1758014155,3501280,4f0e087afa022713d9cf0828f864c53f4c72c5a27ac66e3792f613a9dca6af1f,CHAIN
1758013936,3501277,560ba83b54d684ad2a8c0c6eba68f8be179c5bf444ecfc65876cc3918d3c88cf,CHAIN
1758013614,3501274,35b391c9e29e2f548b4f321bc793e73cc36777970bf44f80d8ca461277e97890,CHAIN
1758013558,3501273,13ee46a52d7cd19ca2462d955635af43c04e771be49b454f0944e41c51459c3d,CHAIN
1758013005,3501269,f4d0536af0e6df9b7dfac92f849a57c3add28915b94600db0744ed8dc0167987,CHAIN
1758011474,3501264,a6f8fe8b50ab94174f5186ec53bd62c77a36916bfb0aad3672c5ef3187edf61b,CHAIN
1758011284,3501261,8be920982b0747739f492820f6a4993a9da4e0791060385552c9be4c67725d0f,CHAIN
1758011266,3501260,1626048b8004d7819de315244b672080c33583ba50c6c3c1a3b71b0e0f151eeb,CHAIN
1758011197,3501258,76db0132ea7015dbc16addcbcffb0d30bb4aabb1497d7490aab8acdce9ee8464,CHAIN
1758011010,3501257,b54eed4d9af6d56fd9536892d36a0d31f37b23f45d0449cde80b61541d7b0dea,CHAIN
1758010532,3501254,aaa96e0233f7d4ddbc56c5c1b703821d39202becf084068fb29ccfed3c47b956,CHAIN
1758010277,3501249,486f021757678261f3c1de38e170ab9279e72548c852a47ea7e6374a45364ae8,CHAIN
1758010242,3501248,9c19946f6a673daeaddda6b1c12547dcb0aafec21e206020cd32286f13da097c,CHAIN
1758009406,3501243,9c8a173d7121ff14dae804852b7433b3ed8b02713b5dd113452ed210c15c1373,CHAIN
1758009404,3501242,0056cc5fb16e32cc0da4bb4d8a0c2cb3571e2e5248af9470d2e03cb7c3c7c8c7,CHAIN
1758009163,3501239,311e19b386db3dbde47743d3252772aeb08a8cb6ea92c84907008f500f5066f6,CHAIN
1758009125,3501238,750021c5d03816510be297d44b5d57e236999b781fc4f99d7ed817a0511d436b,CHAIN
1758008534,3501233,9d7f36432210f06ec0c42dd72e20de75075009ab92a1d6e21fe8e01b1a5a4ad7,CHAIN
1758008443,3501232,80b1e846dee24f8b79c718a0b542961f0caeca544b97574b58ecc1467a94c964,CHAIN
1758008439,3501231,cfaec2b8369dbf7a63d96e981c59557e93fbc0a6317a880fb69761a9dd188d37,CHAIN
1758008327,3501230,6599667948f3aac5e9be4231da78d9030ec4fa8ab191fef83b783d063dc0cdfd,CHAIN
1758007616,3501225,c5dfe3c20891c50bb75a9da4ac91f6abbc499a10f6c6ec5601217bdceb324089,CHAIN
1758007547,3501224,9a92ba4ec5fa353d5a3823678365c800918f6f635d89e0b6bd2969458466d3da,CHAIN
1758006914,3501222,1f5edb68ff4980c3c8c5084596093ab36c59cf8d19b8a54191302e5fbbc3fed9,CHAIN
1758006750,3501219,5d0701120905c010713de89e165c9ae373683d63e450eb983d78003f91dad8d9,CHAIN
1758006527,3501217,2d0734ef4f75bcc26fd8200d69a56a29f806f903e702bfb3d1dc87312b4852ed,CHAIN
1758006414,3501213,a2607013deecf32f11d20b402002b0ffbc8021f55a0c113aa0555df9ce0fec89,CHAIN
1758005776,3501211,672f51d3f5095f4375cd1aec711387f6bd2df5bb1cbe5345fc1484620ce6210e,CHAIN
1758005469,3501210,9a690c32e9efb6a87927da829e70013bf245ff2d697f8789f425872580624112,CHAIN
1758005455,3501209,1ddead49aa3ca53b49667afb2e244cea7f485f601340e2b7f04973bb98c8f4ba,CHAIN
1758004988,3501207,de7d2ae6f4d7c234bc4f6a7af4a50d3e19a526d6d4bb2c8ff2838b75ac8c2207,CHAIN
1758004516,3501201,c7d9a032360c23a1de4aa3115c0fc699dcd1076ae1d081ada02711fb0e6937fa,CHAIN
1758004211,3501198,c005c1480df557758d9319fb08f8c4dcda910de566cd9f6e8e66e69ba70f05a9,CHAIN
1758004037,3501196,778a62fa283bce442300afc28c9626752a67c354791b959237c278b769dd80ef,CHAIN
1758003800,3501195,93c5cac342a681e40347bab8d2707f1bb720f4c9574f6aca3b8362f380dfb927,CHAIN
1758002937,3501189,06aeeda47dbdeb8cbc64d2b7062973a919099de6df5c61689943a40059c0b559,CHAIN
1758002677,3501188,87dfdda7e20e3b7cd1a55da04153f8569cfa93341faf95b03202458b29c21946,CHAIN
1757586575,3497635,c860da6e59923f2d2b420217e1e42c2a6948ba2187364939e95baea20227a68f,ORPHAN
1757586202,3497633,8afc3b48ae5117c83670ed1e1688e3b29880ccb5167e4cb02c26ce97149bdcb7,ORPHAN
1757198097,3494452,883c6feebc9a33e79dacdff6bbccfe42d448dcac123fbd33417b61c6342fdda2,ORPHAN
1757197593,3494448,22d77049c7651071b68c95e12d6df37e46263c5fa4522f7615f3f016b003967c,ORPHAN
1757195544,3494426,40684c6ae1eadeb2660cce32f539a866f58dda2550a2ac23be3776967b3582a7,ORPHAN
1757192800,3494403,c8409e910b42f2ee79670add486f8b03c575c6e408323b20a6f835c75acfa865,ORPHAN
1757192469,3494396,9b0b0cdeb7e84d3c1fea4dd38d2ba3696c5bd9fa5506cf7abec55ea2cab5f957,ORPHAN
1757191414,3494389,11cd374bb800e763244bd7cc4a84089deb4c6e52f2f94efdff6ba433c4d04889,ORPHAN
1757189990,3494375,d56795b5dc20b3961bee7662690e2544843d9dc287cb5978862f15ff9b61b19c,ORPHAN
1757189504,3494368,f34d5fa2554a3f5a72106004e1c7459341b349d684a5ec626af9131344c086a1,ORPHAN
1757184010,3494318,deeb594cbac9a982b033300d7ee621204753b062fdb8eb62ca6d60b282f9ebb6,ORPHAN
1757183847,3494314,d0d82547f51f703ec5ccf3d7082a54525a1b6adb938c5ce828ef049b7f19e47a,ORPHAN
1757183167,3494303,c9be8df67b22dacc92e7ff1d1a2e4fbd7b36d667acf012666ae9f141520c2a70,ORPHAN
1757182940,3494301,8db8904213937d42450003e71cf827d80b602c6697ca12604a6f2aa9bdc53f4b,ORPHAN
1757182815,3494299,770079300e9cbe65375d9823a6cf68be9d9e4ddeff7077852029d71d5bdde36b,ORPHAN
1757182242,3494295,0a39810778c0a96e3ecbb86b024265126abc5780e941be5756f1af44c35d7176,ORPHAN
1757182029,3494292,c5427c1d0ea2bf1e9ec91804a8a1c253b575a29fe67b62a3d71d3ffd188c5996,ORPHAN
1757181939,3494288,3a8097a86d1549dfeb0efc75625c3114b6f1a1e26de74759c7c1930d599163c7,ORPHAN
1757180885,3494276,39b637a55cb557436bdcbeb026c10e2631f2178ed883d8b8bfa995c5b72b0fb0,ORPHAN
1757175856,3494236,2650ea48096b37d684a3f2060049f850e0ab2af71c517c1558de1267fdb04d75,ORPHAN
1757175775,3494234,95abf8393dd0059ed6e2c9d66eb47aeb1e700255bed54b489a4f7af122d47be8,ORPHAN
1757173944,3494212,b3646a6df75c5f75e934a8e947e75d7ecf1515ba0e986ab49264a76fc1e494a2,ORPHAN
1757173770,3494210,2fa1189f163b93794aaf6d05e8f1ec822eae58f3efbaff4b229a974f94fdc76f,ORPHAN
1757036926,3493073,ebe5a7ef672879a4f3b66ad36c331bf11db7020705695d509265060c43489517,CHAIN
1757036849,3493072,865bbdf3cd9d9065d06a1fe656e1d227e9e98421f8191626eff95db996fbebc3,CHAIN
1757036507,3493069,f1a0221fd81b18fc819d0b6e4783a409fc8403c076850af567b5073bb500e843,CHAIN
1757034783,3493054,1ee033a9a968b4a746296950227fa741a43967e847a1af7bd8744ddbfa275995,CHAIN
1757031881,3493037,0b9974da1abf5ecead2555696b065b4c722ba4c49a709a50a7a8bc3a5409651a,CHAIN
1757031829,3493036,bc3f9c9f102619d3126389c41e4e68a3643a43a629a3d0afe0dfae6e32466e61,CHAIN
1757031096,3493035,ac4eaa41bf4cb55e7e504801f6b2765936e41056abea1f8060cf32dc677472bb,CHAIN
1756898279,3491969,700f8ea10dc63b10d23c1023c03db72d7fc1ee0f2b1f7befa8f53090177e8823,CHAIN
1756897986,3491967,362ca16c9c04ff07476d82d3c5d391ec5b64e388c8d4c6fac5bf3659eccc6a2f,CHAIN
1756897622,3491964,0628d9d12d8760491d75b007baeaf4c48d7f64942314b880305c8a4d88a244fa,CHAIN
1756897604,3491963,783003c7b03085bb989912df2cf06658daad45a736157b394d3d4cfe16ab4fc5,CHAIN
1756896764,3491959,6ea18a8887e65cf179bc8b807d8be1fafa86d8fb8b9de49355822565c3c07a0b,CHAIN
1756896759,3491958,3f2761f2427577c9b74d230a1bb590edde75b552eb07550eebb710c3889f0b83,CHAIN
1756894329,3491939,6442eda5baea92dab870bb3100b4a2762fed913119bc52cbb0f3773009a3c1cc,CHAIN
1756893975,3491936,209ac858efc59f2aaa0a6b9e1bcdac8854b3379ec545b7954d1e60ec77db3ebe,CHAIN
1756893471,3491932,eb59afdf053a2cc39f73c2926868f13d463c36c2df7153c604a551ccd6982773,CHAIN
1756893098,3491928,429fd3658edc2ce2b73084bcb4f047713a45b093633f3142a61a584090f0935b,CHAIN
1756892875,3491926,acc1febb64a489cbc82a26b222cc67a3c1cb11b53000b286c53c03b46f70b911,CHAIN
1756890143,3491901,b9f5a3f1c02ae3f285e02ae3574e78ff36234e968da46017d73d8ffd96c3b958,CHAIN
1756890088,3491900,50d98f7cafbfaea2af08824fe911acddbe779fabfa8082a7dfca6298eadc9762,CHAIN
1756889964,3491898,529b8953d555773e62542c2007f9b0990528ffa52c5e23e0b411986202aa56fd,CHAIN
1756889132,3491893,71e16425933a54e55fbb78d65d7a66a0d1f0394e1b2ef9fe38033d4c842278e4,CHAIN
1756888951,3491890,4f57194d27a38c58d5eb3dc610649b836ef2ab5c7b5b1787cab543784dc0cfac,CHAIN
1756888916,3491889,e83421e78d8da3714b9792a3f703da5da74fcbeccfc5eaab5ca3bacc762d67ed,CHAIN
1756888615,3491885,940de0e76df0fbbac492b18c2012d3dc088d250ea4b1bb4c66877c2a68b25045,CHAIN
1756888484,3491883,5b6243e371d121b1957ba728ff391130b51cb572891fafb23b933f3be6f15688,CHAIN
1756885595,3491865,5b52d789ccce9f042467ccfa49ab8f5cb1f3ad6e016ee42394f898057dd15b24,ORPHAN
1756884832,3491862,733a1fcab69c0d215f88d6d14802a1ad1e31e816b3dd2100e33f70976627f61b,CHAIN
1756880963,3491824,4c871a862cba8dc5ef00f30cc8fcb27c85bbae63c11e1ad95d79cb5fda62cc1f,CHAIN
1756880716,3491823,47130bf2abcd92d07020e4740af410cd75f4c9b2abe9a6573248acb54e9d92b0,CHAIN
1756879895,3491819,b7e665adfa794e9a17bfae920a5ce552f29a45f26088646168ed9cc9506b1194,CHAIN
1756879593,3491817,0ea8868b453294681a79a20a878407906e0a68626d55130912d1492f15424f02,CHAIN
1756876900,3491798,a32fd4a5508ac76aeb1e7d913ca02639a3cdc8f511f0cc68404d5fef291e1fc4,CHAIN
1756876513,3491794,8a5ccdc5eb77f3db19f40ea02c22dc0ebfbacf06ec0af4df5cecabdd988305d5,CHAIN
1756876107,3491793,770d774c71dd569c67991b53419bc776789e2cd1085f0f65e6c25aef01c6afda,CHAIN
1756876000,3491792,42af05153cea77fa82361337d678fe9bb996b00d041c8617e1ede53d97be0e46,CHAIN
1756875969,3491791,1ca7898110ffde1df8807dbc1e28e3a1f464a3a2cc751ea472e3d35ec8772c98,CHAIN
1756875810,3491788,dc55a732e57e2efecf51ee5b6d8f45b0d88e403563588cce875f0483dc0a8ec4,CHAIN
1756875082,3491778,073a2447b9f975b1ccdeb9ed1dbb26936cae50b1a15af0f5e9d9530fed4eb841,CHAIN
1756875010,3491777,a696a3aabca4dc7c0bacf28847a5401a54b2608f484f1cccf71a4364be1f368e,CHAIN
1756872077,3491753,f0e5cf2be5e0e7c207ef6e36a303705d7ef64cd0266cc60e9c690b0b704110c1,CHAIN
1756872059,3491752,6814909239671935afa953c427b4b88de26e26ba1ded448d8d557bcee2b06b73,CHAIN
1756871821,3491749,a04cab5259473bbc13fcfeefa8ca64bc6ec69847204808cc9ab319db43027abf,CHAIN
1756871763,3491747,fd5e1ced446a4e83812994e8eea1348a13af3123bc1833bdded459142b55e593,CHAIN
1756871512,3491744,54d687164422cd413ef58ef042b8fe66a1af0e103b0e82f2e4dbab180ceac907,CHAIN
1756871203,3491740,a6ce090d1c10e87c8d5e6c4721c660060a972c637285b27d4c7ec064eafb8f6b,CHAIN
1756868618,3491720,368d4bbea40bf466eceb9207f041831696f1d584991ce677ef76debc400cdce0,CHAIN
1756868303,3491719,58c7763b60e6286c3413c4fcf480a3ce193af24043e2b7a50ec859699bc27712,CHAIN
1756868284,3491718,b55d2a8126eb007e6c24af763b6e5c69249d6dcd2426646f62c7d58552c8ae8f,CHAIN
1756867990,3491715,61ef6fb89134f2f7d5cf73e70017c56664fdcf027d2958e00b6d84c3da2b6e4f,CHAIN
1756867769,3491712,6711ddab6acab2fed1c09afc61262ed83d7c6baef4af0b31075458d04a1ad18e,CHAIN
1756867340,3491708,47fd7a3e8558052e1a7298fc6a8e33cd1795403d3dd0ab1826702adc07b9f2c9,CHAIN
1756867250,3491705,50c3e8cac724c3de59e832f50782de3ff905c3151fd46fd043c30c79c0cb5943,CHAIN
1756867134,3491703,ef937f644bc6c52e9a4e1d8adc59e2295850653cdbe85d012945acd38c2d4f21,CHAIN
1756866873,3491700,6d0027964caba87deb6b087e5ca7e24d2ee55214bd3024f3e3ef24a927dc22c5,CHAIN
1756864246,3491681,b462a7de66c5c184a05f8295d22859ff954cdd4adbec7df650617469549c594f,CHAIN
1756864094,3491676,e8b23d2800f62e60fb9a229c858eb54b96097656cdb21985a1fea6e5335aefc7,CHAIN
1756863501,3491669,96318fec463e9ae3f5b6bb46d0f19922819d9fb089117dcc38f3cd9356ec8401,CHAIN
1756863317,3491668,cd54c55cde2d45c419eb21042275061461f0e0fc92949c1729dd695dc41a2432,CHAIN
1756860654,3491650,ec19671ba28557befc9595e068a2033acd2dca1831e3a7591e8264feccf07e5a,CHAIN
1756860338,3491647,43ff5c171452d572d8c6e7d51549f0b7652b59a411e434064670869c6fb48402,CHAIN
1756860321,3491646,7adc095c65a5593aad76c52284109e30aa9a580c9324505650f07af7c31a5ced,CHAIN
1756860121,3491644,e9fd9f81611216da99224863c812f09f7f4958adbdb180dbbd85f2aab3def5b7,CHAIN
1756859903,3491641,a3e5e417a7aae0ed251368a5fec6068f93f2133c0bfff8e2d7c87b7af33d3325,CHAIN
1756859132,3491635,c2d02039e459d85cfba3daf1edf55f0eb68ed276576bce80ca7be82a98447957,CHAIN
1756858967,3491634,004ccd76dbb7e296e6c9afeeff843e5a1c4834f1b03c231594666ae384e151c7,CHAIN
1756858906,3491633,996ea9efaaebb4c925d6a7986835d4c5f89b6b40fd9daab39e5212369ecabc65,CHAIN
1756858661,3491630,691f137b83c20517461eee934ff73ba0c5bed705d19cab8121ef698999e59f44,CHAIN
1756858642,3491629,8e981c248042a8123a0e273ca7df1a6ec1c00ba39e5cffb752efff3aa7604555,CHAIN
1756856233,3491603,0eae5cd2a07adbd443496d6d702a5bb1c78281bb6b9a6144ba275d0586347d73,CHAIN
1756856133,3491601,e94df09196dcab5508f0b36f79bff8afa242fb280940119daf0eaf55da994475,CHAIN
1756856071,3491600,1244e74836973c26acf99ed19c09a44966934b6012789472f34260f6ec675779,CHAIN
1756856068,3491599,3bf3215bf804d2bea0383596a662a81de0f7862b87b05d58c9469ff614374c7d,CHAIN
1756855692,3491598,671f9ed2553bfff8b8fe89a06527449c2a6b3448b0ab2829aa6dd739cde8591f,CHAIN
1756855663,3491597,e24a17e80a2b77f6db12623a7a3e93748b9bb52caa5c5484e035f8adb8211710,CHAIN
1756855610,3491596,37d0777b96cecd86724be2b0cc19f3ffecf908ec670b2f838317e251a948dc0c,CHAIN
1756855446,3491595,0c64888bc4597df91f7c8e56d7effab3d6dadeefc3638e6a384dab7d048b1cd3,CHAIN
1756855439,3491594,9b69924404128de698b6f7b7b66460cc1f8dd6ad1a45043e2af328a0101a42df,CHAIN
1756855304,3491591,b20c61b8e9747ffba685318c3fd0243b63a597fa5c000e9c0599e57a841581bd,CHAIN
1756855227,3491589,1cdf0ebeebacc787cfacaa1dcf5f179d784658d41aa1d266cf8884c95a237126,CHAIN
1756855193,3491587,8d8d1ab9e68d0c4c8e209eb839c07958304da85a6989110f926e7875f21624e5,CHAIN
1756854954,3491584,d6407cc284d571b0e3fad83930ef6a0349a58cd2a234a8773468b165c28a3b2b,CHAIN
1756854725,3491581,6091baf36da5f57d005abf1757aa802621a91b33f4223d4528cc3e7b4b479c20,CHAIN
1756854677,3491579,af4b4dc015327c91456bb9a914d6a90bc43a2d258657f98ee41775be7f08b71f,CHAIN
1756852097,3491559,8de625f70fd9ee19591753f898749fdebc4720ff15b6d41807c76a6a398eb63d,CHAIN
1756851278,3491550,dc64bbc090aa4749d04927957b9dbd17f55d1220facc928e6df94c4d6a99b282,CHAIN
1756851271,3491549,a2274152ec51f5ac2967b7ef09f8a5c67b41434473f1789c8c4e26e0db466958,CHAIN
1756851074,3491548,2e71005ce8887f4f9860b0d62812333d84c03c2ec0daeff0364d2020cfeb6ad0,CHAIN
1756850695,3491547,b9f57c52c0dcdec1ff8db5a8e0a29aef3854a9101262ba7c539c5bdfde4657a8,CHAIN
1756850641,3491545,c8f7f986b7c087d0c5d338f1132642b79249b9aea585e5083b5fd62f8368a507,CHAIN
1756850311,3491542,285da066b0ad182a24ea3ddfda15e4e90071348b2f5c8068e83dcb4658c1c659,CHAIN
1756848021,3491525,1e451e85172fc65ecc6f5aede178e644f78a9f37714b02946b7a0f66ba133f1c,CHAIN
1756847893,3491522,6166857f5f4f69c38ca5069ad58d4325081621d87b3c92a237c047085be3e986,CHAIN
1756847373,3491517,e1f6874f72933a6730709dd86e80de24d8b67f6b1e6bdbe1c5cd0fd43e606592,CHAIN
1756847176,3491516,807f49883599c1e7d330f34b2737831f8e1905d0644e02f3302f103eec0f8885,CHAIN
1756846827,3491513,f8d90fabd66210c14d866c374489dac38d0aadf964105aa10d70e8a3b0a4bb3d,CHAIN
1756846748,3491512,f5db6e51ec15e8ce1e5e78bcfdd083f0b65c0969b06a45f336504efb38abffb2,CHAIN
1756846695,3491511,dc68775b09223442f75259d1ebb1c5118e007f6af02a1095a7047f62a0a3560b,CHAIN
1756846484,3491510,0718d30ed965872bf1b21aa4125c5d7ca4cfb17fe739e2e3e4a677f14e330ebf,CHAIN
1756846363,3491509,e19ebc539fd67a8bdbb12672eebf7c238456921c68cc684a55593a086b9e57e3,CHAIN
1756846281,3491507,9cf9ea7cee79051ed18babf2ed68ac2f11ffa372eef181d09944d3f1bc5c5c7f,CHAIN
1756843588,3491479,97b44f2fae98f42d1e03d89332d4511c4cd13dd44345a98cec80cf1e915f47fd,CHAIN
1756843017,3491471,58567d3ec34077408b599b267a4cce1c986d232c1298d0e11db4867198ffbd40,CHAIN
1756842960,3491470,5236f9c2fe7cacf8569764874654f0299ebd7bf15f72cef0b53b6faa7e0ead4c,CHAIN
1756842803,3491468,6edbfc2412f43a58325de301dddf8734cef1345583218d1663b9cfb1a32ea77d,CHAIN
1756842267,3491465,ea1d848cbc60db3109d088c074839e90a37d775c6ef9e60f2160c27cef43b218,CHAIN
1756839613,3491447,f5ab39ca68503dd25db38b50ac062ff8795ce7df6b08295a11cb548258800ca8,CHAIN
1756839391,3491442,7a602d284bec1c86ecf5d7d36dc488e94507159490305ff9ea813fc6fd914efc,CHAIN
1756839371,3491441,ad2438028078077a0c9398de78f9ebe6ed82e4cf1fe93265a84c62c441c668eb,CHAIN
1756839284,3491438,1c275bd656d81a685b590e130b3d772211adfcb99eb23211f7b9d7b03a8a32a0,CHAIN
1756838595,3491434,1accf467493039ed722173ab682775d053f86f8b2c202a75300eb638b5d4b74a,CHAIN
1756838574,3491433,99133b633ab6ddd0c08d1e32a262b59a0a80c4725e761c275f9cfed92d85d9cf,CHAIN
1756838065,3491428,962a30ef414ff0e31c15a49ce93a896a97a78135cd0d2a567325bb3cbf44f5d5,CHAIN
1756835930,3491407,686d9fb0079a558a763dfeffcc75498f3e8e5c22060fe6ddefb1426abdcca7e0,CHAIN
1756835167,3491404,2cc5a002948e4a03d3f07094aa865572cb335d290faffc3f5ce5238bd4e12542,CHAIN
1756834817,3491400,1e7b83fa28ed6984a2172df9736c0b27f23b01b2c11fddfff5f394ab8ae2a0c1,CHAIN
1756834742,3491399,be66c3d50364f4e8c5afd1825e9eb17af0d43fb29053d280da0596fa3a8df780,CHAIN
1756834666,3491396,15347799fbbd3b54540be9d21653d9954ab7d4f526413868649eef011916010f,CHAIN
1756834528,3491395,592a424366d495089685d6362589abf0dcb85c4dce6e7bb8eb5097588b259d8e,CHAIN
1756834212,3491392,7fc85348ef28b71e04d7dbc230d169ad87a1bf74b5ffc49ff7765b308266290a,CHAIN
1756815463,3491234,55b3a3f6a2c6e9835c4053ac7696d573e9633bb8420cb438327651a0ec09f673,ORPHAN
1756813536,3491220,a0aae8d84724329b842c3201c41845debe7981a39406caac807579599dbf668d,ORPHAN
1756813064,3491217,985fe7cfc35439db35e21a03578ea3de50d9dbb2066a19f46450fa5471f48eee,ORPHAN
1756812647,3491214,2d493a63a895d1e4c7a8fc3f707edd05480629f8e32c64677700ccd5ee92eb95,ORPHAN
1756811097,3491197,da1156f6540d8586fb5e6af793edf01ec01d6f51e244fbe04746e7c9c2c83b6f,ORPHAN
1756810463,3491192,31f4656c004c50ac88d86ded0efd051abb45627f34d83f86b5395d893b3d89d9,ORPHAN
1756807842,3491170,cf6523a7dd7a8a7007c1f0db022e6c78f3ceec2dc97a98fd3585d8f7606ca5fa,ORPHAN
1756805169,3491152,1a7755583b5b3f9e0a6c021cd0e48bf248dd883fa93fa5bde1cd9e922a5c20ec,ORPHAN
1756801280,3491118,15db00ae98e184ee193bbbbcbd859a9cba89492f885ef5b9a26701e23ff915c8,ORPHAN
1756800855,3491116,45830fadbeb2b85164ea5b7f908cf8fc433c8b56e03455228e948247ac943b60,ORPHAN
1756799106,3491097,9c49e8ba041f253f1333461ee89786e19c393fe34ccd6df98d561775be6994f5,ORPHAN
1756798811,3491095,286ca8456fd48cc905c13e22a6cb8c737a079c3406a6a1daf653d1f10ac83476,ORPHAN
1756798160,3491091,aab203d907deae877925b3241bea7ad4317c42593ee404e11590fbad248ede5a,ORPHAN
1756796868,3491080,909cec8ec54f36537ba9f28c5ad5b53e91ee7f8d7852eba236dac24371d96bf2,ORPHAN
1756795628,3491072,b2ac15dc269063ff3e91605f438791e3dd96c12f55951582075345c15bcd0fb6,ORPHAN
1756794444,3491067,33aceb5d043d76cba2765a513187bbb24e55ff92472552e9ba23c3e8f0856e88,ORPHAN
1756790194,3491037,ae87c8048d4c17569f15addc06e7867344532e5d80e6a3724378165ce3ed4b8a,ORPHAN
1756787747,3491024,d4132d9c1f518fef2af288ca24ee0bbb9e9da4c1bcb0857140a0c6b742723167,ORPHAN
1756786342,3491015,e5ab4fd7b877c115906c66216fe198cac1344dab6728ac24d645c94878fe01c9,ORPHAN
1756784297,3490997,d7fc8c6c1b9a9280418cc901a515f403580117ecafaacdf2a4c9d7c7cf3038f7,ORPHAN
1756783826,3490995,f6deaffa2b16cc51540c79f4f76ea319b2c833fdc0856b0d944e2b9f89b74c6f,ORPHAN
1756780798,3490975,dd60598dcc4dd1aa15b9b6a96daba95b109cb2b9a44e4435811d7dc847dba048,ORPHAN
1756778596,3490955,fa24394f504583f892be821da13df441724b58d1415e67adc0e01c4424da9d5e,ORPHAN
1756742137,3490680,2639ff4e806641a75634ba6e0d580867d4134ef89963380a85b84981d7c620f3,ORPHAN
1756454080,3488212,254a30bb396811c054140f78fc2b0dbf7b26bf73738a807da51472397bf9cb22,ORPHAN
1756433064,3488045,71d32595ec7f4176022426e8842980d797104844c4f4f82f68fc1529b8d102ad,ORPHAN
1756191001,3486061,6e89dc603c1c4c77b1b63dc01aa71cfcf05713ca158475b5fa604519990e3478,ORPHAN
1756170958,3485893,11284e56910a3c53774f64045abc1cbe3909ee2d15eea5c20e1f6f95b5841792,ORPHAN
1756118319,3485448,2f03e13d28c42526f0450c76e6a968af09df56a060c71f2b4247e62ad69f53d2,ORPHAN
1755577944,3481005,b77dad8843b214b1a184b1ffa4385bb60525578f2b444ebe11c2d7e2017b81ab,CHAIN
1755577470,3481000,51550bd3918e2b86750faa5ee3ac13b745b5c0fadf862e6056b72e4f9eb62ca3,CHAIN
1755563805,3480882,2584d3e5854fa9d4ea1765620480ab3691399b49fc01da5ed8ed273a29f2a53d,CHAIN
1755563165,3480879,a5c00b4f8b495bf329380c29ca1ae8454609ab0f716d8bb8b9cf26f48c458f7e,CHAIN
1755562693,3480877,989f2d7288fb882fe6c3ffb1c0f305d8d6b633fd5cdca7183aa16706ced96acb,CHAIN
1755562229,3480873,eab171a6adb4e27231a3c6c3da7e177c6c2f451c5d809dad552338aaf724ab12,CHAIN
1755562045,3480872,7be0884baef83342decdd1d5fb1766632edcb43ad40dfada8a1321f01c3ecc30,CHAIN
1755547067,3480763,df3ea2cbfb34ba97b59e28d451920318024457ff3570fa06bd701a5d1f5d9965,ORPHAN
1755516864,3480495,3b8742a836659d923b18dda209083b824df40a8d34506e420c24563fd62f46c0,CHAIN
1755516792,3480494,8dd82486fa160ef1bd965fad103fb0c2cf6d9a6d0f39c4b995e66729d9c238bd,CHAIN
1755514713,3480478,58cbfe527a5e88d56c4f9fa3750b662d99d1eef1820a0d3d8156c7c8b54c3171,CHAIN
1755514097,3480475,13238f88dc96252e6b7d0522ada6bc831fbb9eca7e43c764383a39b7e5454a3e,CHAIN
1755452808,3479973,a65aa850a94bcab833679983b883cbe2e7173ce816d9ae6b5ee666ffad0e5f93,CHAIN
1755452768,3479972,ac9f2bc5ee07768ee995db57cb63628582846edbfd5d6f3f230c1d5921858ef2,CHAIN
1755452704,3479971,1d1523c80640614d13f77d90943ef98b5eff6dc9ada291eeb1212018e5328c42,CHAIN
1755451824,3479965,c72f742a2ca22bf0973afd210299993523473306a75969af9702573a8499d025,CHAIN
1755408418,3479601,7b2fd28ec799fadc0bbb3522d7e32a46341b459f1f95c8af9047ba40cfca787d,ORPHAN
1755384942,3479404,e3f7d90e787d4ddf13fe648c96316d969927759921ffdf3a2efaff8adf19cdc3,ORPHAN
1755373623,3479291,bf9a18fadf45b13df4b0081db2983b689bcfc3a4b870d088cc37836b8de17521,CHAIN
1755373257,3479287,5a37babc182d7d4d1c9ef609691025c81094eaadda7dbf7e9671780a5a12f925,CHAIN
1755372333,3479282,d8721d2f95a42e263e5c10c36765306a9f6991f1159868799b52785565203274,CHAIN
1755192188,3477811,858d6844b08f59bb9feaf452d367d31d1397b2f76fd5211a8122038bc37798b3,ORPHAN
1755191708,3477803,a122b34e938af0667f2973be4e5a16fe487269b3ed9645b05ebea2fd9a90905e,ORPHAN
1755189852,3477787,5d192909df401279199e4de181c113746e5badc6434f90eb56e4e322aa5f26e4,ORPHAN
1755187924,3477761,0e7ee17aed10982b23ff0b3e9913dd806671919059a0dea090196782a58c0f76,ORPHAN
1755187796,3477760,0373861bb8f662544bc1a67486a7e384b801b8defe22cc1fe9c5b4253211c196,ORPHAN
1755187492,3477758,2f047e3df4af104afa4ef1c65b1cb5895f5020987040f35be704fd1072d3083a,ORPHAN
1755186875,3477755,00416716693809cc565e3f456733e75b4d706c437353a3f76e39f6bff0ac17c4,ORPHAN
1755186659,3477754,2e4c439824335502ad0ead58c01f1e5b22ca342c795a5b4a79ab93266c2f93b3,ORPHAN
1755186403,3477752,372023b4f651476ccbdea5ec01b082b5f290a3dcedfd615c3f32459b96581757,ORPHAN
1755186323,3477752,2341efb63e5a376d667861b35a577c953f034538a8237ceb3d90d04b5120c01c,ORPHAN
1755185067,3477741,a9e94918a45cd8a0c3b178d72d09a26d58524babf3cb2dcc2ab96bef4dea6c2a,ORPHAN
1755184291,3477736,6a41a8c6eb8f7d5f7df80ed2fbb95bf98f35ada9225ad13706146a222e44f159,ORPHAN
1755183691,3477733,ff47993b4fa7c90022562d118f538150f7f5f58eae976839618f10cad88e540b,ORPHAN
1755183563,3477730,f3556b3885647cb0ab6507ffb5e80f3f8672fce11f998e81bb441c6d02e2e800,ORPHAN
1755183547,3477730,358e918d55cbd8e17cd6e0ba568c407c6e83c8c3bd6fb6ede10ec8974ebe076f,ORPHAN
1755183235,3477728,26de62b4b07c91e23c487a9bb8ad22f57ae719f8fd7c8187f02ac8f925f0fabc,ORPHAN
1755182603,3477722,020b5db204c5ffd356b327824002cd15f618cafe927b3b7fbcc4764420d1f880,ORPHAN
1755181923,3477718,e50f10327548c4d3bcd3909e1142624cd201759bb4e24831dec3086cfd3af893,ORPHAN
1755181746,3477714,ae06b2d41e8fdbbb788cedb60ee68d6a11248f5e13cba84c17bbfd2320246d22,ORPHAN
1755181266,3477710,a79871fe1dc3f95392072b4bdc455ecadfbdb18b3420ffe5088e421ce0b9d3f8,ORPHAN
1755181170,3477707,4ea8c6b600de42c5438822d84f0e5d2516b8a21b1092e2ca14019619c0763f37,ORPHAN
1755180226,3477700,c575273b2591d3d662e303ac32d8453bf2535606f4e8c2137d8e409fd70074b9,ORPHAN
1755177650,3477672,6cbbf5729cb869917a999263d43f903bb33f418debbbabc4a173282d9110fbfc,ORPHAN
1755174737,3477642,4b25f5add76345e6471851ad8a55a695d4d413257696515fb639315324cdf6af,ORPHAN
1755169519,3477596,5a638014708654c5321ecfe010139b16d6e0e4886ed7fdb030fd591d7269dfc4,ORPHAN
1754982591,3476025,22f3527a474e086cea2e04d1f197f2a720b8004a103eaf95e8dcddb4822b9975,ORPHAN
1754976790,3475966,1927fc5e37b9368f9bcb1ab607f37dd4afe1739e08e69846e008af5c072736ed,ORPHAN
1754961395,3475851,aa12b2e8b744520a8909d45e0eca705f35acfa7515005c7488622761c43a7628,ORPHAN
1754955746,3475814,dc0c82eba1ca3fe68715b3df665199ef8c10b454271e2420cd0fc94eb634b132,ORPHAN
1754955714,3475813,d35acb519e9abadfe2b8c4c9b5cf05175dad89ee72d7aec6bada0b1ad77db1e0,ORPHAN
1754955522,3475812,bdb17d46a145d97ad474123feeb113c699aec76bf580d923301fc5c20ccdbc80,ORPHAN
1754955322,3475811,ced1fa15f5eca949348030b9fc60dbc848bdb0b796c16ccfa489aa0ae558fded,ORPHAN
1754949753,3475782,eeb9197def5baf522a5b92b807a87f9ad01687217ebe2452ff18ba88444b3091,ORPHAN
1754928822,3475616,5a14f09158073b76f15d876880df66244e1386bc82a119f7dbd3d99a698d7ce3,ORPHAN
1754928646,3475615,2730ae405a943e47f26241bdbbb70f8bb23f2073b1751baffeeccfca4a66ff2b,ORPHAN
1754928334,3475613,7b33f02e7dab1225952e63c0614f543f820e07babc95e8e793d8c5024f0332db,ORPHAN
1754922861,3475587,9c1455058a11d4a0ba3f15bbb95814e8d83c607c698f98df86f1c2ed6bdd8f90,ORPHAN
